family,experiment,scenario,dataset,fold,n_splits,model_name,seed,device,pretrained,num_classes,label_order,n_train,n_val,n_test,parameters,trainable_parameters,best_epoch,best_val_monitor,elapsed_seconds,peak_gpu_memory_mb,test_accuracy,test_balanced_accuracy,test_macro_precision,test_macro_recall,test_macro_f1,test_macro_specificity,test_mcc,test_auc_ovr_macro,test_loss,metrics_path,source_datasets,target_dataset,exact_target_overlap_removed
baselines,within_cv,B_within,B,5.0,5.0,efficientnet_b0,46,cuda,True,6,bacterial_spot|cercospora_leaf_spot|curl_virus|healthy|nutrient_deficiency|powdery_mildew,5714,635,1587,4015234,4015234,7,0.9920318267578706,599.6149149690027,1510.8486328125,0.9855072463768116,0.9864056293091675,0.9869759858911141,0.9864056293091675,0.9866523044022785,0.9970257398457099,0.9824825985361143,,0.5000289124250412,/home/eecommu06/Documents/BT/Chili_CrossDataset/results/baselines/efficientnet_b0/within_cv/B_within/seed_46/fold_05/metrics.json,,,
baselines,within_cv,B_within,B,3.0,5.0,efficientnet_b0,44,cuda,True,6,bacterial_spot|cercospora_leaf_spot|curl_virus|healthy|nutrient_deficiency|powdery_mildew,5714,635,1587,4015234,4015234,4,0.9862235340304416,478.5193872019954,1511.0126953125,0.9855072463768116,0.9861196132851022,0.9883134864597594,0.9861196132851022,0.98704635911669,0.9969801928812138,0.9825403818377721,,0.5054537850618362,/home/eecommu06/Documents/BT/Chili_CrossDataset/results/baselines/efficientnet_b0/within_cv/B_within/seed_44/fold_03/metrics.json,,,
baselines,within_cv,B_within,B,2.0,5.0,efficientnet_b0,43,cuda,True,6,bacterial_spot|cercospora_leaf_spot|curl_virus|healthy|nutrient_deficiency|powdery_mildew,5714,635,1587,4015234,4015234,12,0.9844969358894557,867.2804374320003,1496.5556640625,0.9829867674858223,0.9842765414276803,0.9847892715633106,0.9842765414276803,0.9845124489488907,0.9965015506055348,0.9793756675194513,,0.4947741723060608,/home/eecommu06/Documents/BT/Chili_CrossDataset/results/baselines/efficientnet_b0/within_cv/B_within/seed_43/fold_02/metrics.json,,,
baselines,within_cv,B_within,B,4.0,5.0,efficientnet_b0,45,cuda,True,6,bacterial_spot|cercospora_leaf_spot|curl_virus|healthy|nutrient_deficiency|powdery_mildew,5714,635,1587,4015234,4015234,11,0.9899097927501835,757.5802397619991,1510.8486328125,0.9817265280403277,0.9842818931851941,0.9835894398979897,0.9842818931851941,0.9838086258032345,0.9962437696618883,0.9778208939871029,,0.5038089150190354,/home/eecommu06/Documents/BT/Chili_CrossDataset/results/baselines/efficientnet_b0/within_cv/B_within/seed_45/fold_04/metrics.json,,,
baselines,within_cv,B_within,B,1.0,5.0,efficientnet_b0,42,cuda,True,6,bacterial_spot|cercospora_leaf_spot|curl_virus|healthy|nutrient_deficiency|powdery_mildew,5713,635,1588,4015234,4015234,6,0.9921394874018664,618.9753690920006,1477.935546875,0.9880352644836272,0.9875648746672837,0.9904874399559022,0.9875648746672837,0.9889268288850892,0.99749169684347,0.9855323522212839,,0.4932986068725586,/home/eecommu06/Documents/BT/Chili_CrossDataset/results/baselines/efficientnet_b0/within_cv/B_within/seed_42/fold_01/metrics.json,,,
baselines,within_cv,C_within,C,5.0,5.0,efficientnet_b0,46,cuda,True,4,cercospora_leaf_spot|healthy|nutrient_deficiency|powdery_mildew,1193,133,331,4012672,4012672,26,0.8532141299519851,67.15698854600487,1508.2607421875,0.8670694864048338,0.8351366462815493,0.8382690084809374,0.8351366462815493,0.835001345906936,0.9435223710816634,0.7778507099887185,,0.918592557311058,/home/eecommu06/Documents/BT/Chili_CrossDataset/results/baselines/efficientnet_b0/within_cv/C_within/seed_46/fold_05/metrics.json,,,
baselines,within_cv,C_within,C,3.0,5.0,efficientnet_b0,44,cuda,True,4,cercospora_leaf_spot|healthy|nutrient_deficiency|powdery_mildew,1192,133,332,4012672,4012672,15,0.9073754591959351,47.58234529400215,1493.498046875,0.8343373493975904,0.8212789075114393,0.8147862155312068,0.8212789075114393,0.8138171097882174,0.9323586650861141,0.7324190102116398,,0.9570102095603943,/home/eecommu06/Documents/BT/Chili_CrossDataset/results/baselines/efficientnet_b0/within_cv/C_within/seed_44/fold_03/metrics.json,,,
baselines,within_cv,C_within,C,2.0,5.0,efficientnet_b0,43,cuda,True,4,cercospora_leaf_spot|healthy|nutrient_deficiency|powdery_mildew,1193,133,331,4012672,4012672,13,0.9084719504240053,86.62007937399903,1478.7265625,0.8610271903323263,0.8695620693860131,0.8578499328515011,0.8695620693860131,0.8613641628900364,0.9456979995299978,0.7866457760867415,,0.8855347985571081,/home/eecommu06/Documents/BT/Chili_CrossDataset/results/baselines/efficientnet_b0/within_cv/C_within/seed_43/fold_02/metrics.json,,,
baselines,within_cv,C_within,C,4.0,5.0,efficientnet_b0,45,cuda,True,4,cercospora_leaf_spot|healthy|nutrient_deficiency|powdery_mildew,1193,133,331,4012672,4012672,21,0.8736782898658175,59.60741843700089,1493.841796875,0.8459214501510574,0.8312158855637116,0.8521975347900742,0.8312158855637116,0.8393117967180639,0.9376026635642922,0.7690309367490338,,0.9642737385901538,/home/eecommu06/Documents/BT/Chili_CrossDataset/results/baselines/efficientnet_b0/within_cv/C_within/seed_45/fold_04/metrics.json,,,
baselines,within_cv,C_within,C,1.0,5.0,efficientnet_b0,42,cuda,True,4,cercospora_leaf_spot|healthy|nutrient_deficiency|powdery_mildew,1192,133,332,4012672,4012672,19,0.8593689004554327,105.8513418079965,1509.9912109375,0.8674698795180723,0.8554291323859388,0.8564311030966297,0.8554291323859388,0.8529436318707007,0.9464423373419673,0.7843668328340585,,0.9020248556678946,/home/eecommu06/Documents/BT/Chili_CrossDataset/results/baselines/efficientnet_b0/within_cv/C_within/seed_42/fold_01/metrics.json,,,
baselines,within_cv,A_within,A,5.0,5.0,efficientnet_b0,46,cuda,True,5,bacterial_spot|cercospora_leaf_spot|curl_virus|healthy|nutrient_deficiency,1186,132,329,4013953,4013953,2,1.0,48.96955975599849,1478.330078125,0.9908814589665653,0.9831233295150821,0.9850967741935485,0.9831233295150821,0.9835997310853457,0.9977971014492754,0.9879540331104902,,0.5955209704962644,/home/eecommu06/Documents/BT/Chili_CrossDataset/results/baselines/efficientnet_b0/within_cv/A_within/seed_46/fold_05/metrics.json,,,
baselines,within_cv,A_within,A,3.0,5.0,efficientnet_b0,44,cuda,True,5,bacterial_spot|cercospora_leaf_spot|curl_virus|healthy|nutrient_deficiency,1186,132,329,4013953,4013953,2,1.0,97.16439977499977,1480.5087890625,0.9908814589665653,0.9865359477124184,0.9845296167247387,0.9865359477124184,0.9853658638219851,0.9979380957985171,0.9882794079774934,,0.6018951372666792,/home/eecommu06/Documents/BT/Chili_CrossDataset/results/baselines/efficientnet_b0/within_cv/A_within/seed_44/fold_03/metrics.json,,,
baselines,within_cv,A_within,A,2.0,5.0,efficientnet_b0,43,cuda,True,5,bacterial_spot|cercospora_leaf_spot|curl_virus|healthy|nutrient_deficiency,1185,132,330,4013953,4013953,4,0.980952380952381,60.09327382899937,1477.568359375,1.0,1.0,1.0,1.0,1.0,1.0,1.0,,0.5575162768363953,/home/eecommu06/Documents/BT/Chili_CrossDataset/results/baselines/efficientnet_b0/within_cv/A_within/seed_43/fold_02/metrics.json,,,
baselines,within_cv,A_within,A,4.0,5.0,efficientnet_b0,45,cuda,True,5,bacterial_spot|cercospora_leaf_spot|curl_virus|healthy|nutrient_deficiency,1186,132,329,4013953,4013953,13,1.0,104.34606316600184,1478.330078125,1.0,1.0,1.0,1.0,1.0,1.0,1.0,,0.5583079809492285,/home/eecommu06/Documents/BT/Chili_CrossDataset/results/baselines/efficientnet_b0/within_cv/A_within/seed_45/fold_04/metrics.json,,,
baselines,within_cv,A_within,A,1.0,5.0,efficientnet_b0,42,cuda,True,5,bacterial_spot|cercospora_leaf_spot|curl_virus|healthy|nutrient_deficiency,1185,132,330,4013953,4013953,4,1.0,159.3250370019996,1479.9892578125,0.990909090909091,0.9785714285714284,0.9880933648046157,0.9785714285714284,0.9825981642019379,0.9977850934188108,0.9882107926091009,,0.5999921167438681,/home/eecommu06/Documents/BT/Chili_CrossDataset/results/baselines/efficientnet_b0/within_cv/A_within/seed_42/fold_01/metrics.json,,,
baselines,pairwise,C->A,,,,mobilenet_v2,42,cuda,True,3,cercospora_leaf_spot|healthy|nutrient_deficiency,1345,150,1077,2227715,2227715,34,0.8241001030929697,123.23542791098589,1290.4814453125,0.6935933147632312,0.628330457719104,0.7466535487309972,0.628330457719104,0.6460214416301557,0.825369549951709,0.5115288934556185,,0.8004432346890954,/home/eecommu06/Documents/BT/Chili_CrossDataset/results/baselines/mobilenet_v2/pairwise/C_to_A/seed_42/metrics.json,C,A,0.0
baselines,pairwise,B->C,,,,mobilenet_v2,42,cuda,True,4,cercospora_leaf_spot|healthy|nutrient_deficiency|powdery_mildew,4566,508,1657,2228996,2228996,4,0.9927991916998431,400.6867511080345,1289.994140625,0.3138201569100785,0.36995546303356686,0.484414739081689,0.36995546303356686,0.3016431576251535,0.7701428824396721,0.12124769921487816,,1.616913194839771,/home/eecommu06/Documents/BT/Chili_CrossDataset/results/baselines/mobilenet_v2/pairwise/B_to_C/seed_42/metrics.json,B,C,0.0
baselines,pairwise,B->A,,,,mobilenet_v2,42,cuda,True,5,bacterial_spot|cercospora_leaf_spot|curl_virus|healthy|nutrient_deficiency,6383,710,1647,2230277,2230277,6,0.9889321302563235,670.2963263599668,1289.9560546875,0.7340619307832422,0.648595395608735,0.6636084816431002,0.648595395608735,0.6276070384814482,0.9317548079245773,0.6621331042339296,,0.9855962613454232,/home/eecommu06/Documents/BT/Chili_CrossDataset/results/baselines/mobilenet_v2/pairwise/B_to_A/seed_42/metrics.json,B,A,0.0
baselines,pairwise,A->C,,,,mobilenet_v2,42,cuda,True,3,cercospora_leaf_spot|healthy|nutrient_deficiency,969,108,1495,2227715,2227715,2,1.0,69.03472878201865,1290.08251953125,0.5384615384615384,0.41958437486206673,0.4649926237461779,0.41958437486206673,0.40410845859116934,0.7138601172806428,0.14755701662220364,,0.9760034585252721,/home/eecommu06/Documents/BT/Chili_CrossDataset/results/baselines/mobilenet_v2/pairwise/A_to_C/seed_42/metrics.json,A,C,0.0
baselines,pairwise,C->B,,,,mobilenet_v2,42,cuda,True,4,cercospora_leaf_spot|healthy|nutrient_deficiency|powdery_mildew,1491,166,5074,2228996,2228996,9,0.8250674019607843,93.44606367399683,1291.298828125,0.5173433188805676,0.5577887069415157,0.5423988468536378,0.5577887069415157,0.5062807018418789,0.8417462194750377,0.38672467786478876,,1.4276541621430114,/home/eecommu06/Documents/BT/Chili_CrossDataset/results/baselines/mobilenet_v2/pairwise/C_to_B/seed_42/metrics.json,C,B,0.0
baselines,pairwise,A->B,,,,mobilenet_v2,42,cuda,True,5,bacterial_spot|cercospora_leaf_spot|curl_virus|healthy|nutrient_deficiency,1482,165,7093,2230277,2230277,4,1.0,166.5526549979695,1289.4248046875,0.46129987311433807,0.48670178963228283,0.6424615412026233,0.48670178963228283,0.39955197123799274,0.8661159619033567,0.3772565948967191,,1.4359906071478181,/home/eecommu06/Documents/BT/Chili_CrossDataset/results/baselines/mobilenet_v2/pairwise/A_to_B/seed_42/metrics.json,A,B,0.0
baselines,within_cv,B_within,B,5.0,5.0,mobilenet_v2,46,cuda,True,6,bacterial_spot|cercospora_leaf_spot|curl_virus|healthy|nutrient_deficiency|powdery_mildew,5714,635,1587,2231558,2231558,11,0.9871438019002005,748.7406919669993,1290.1484375,0.982356647763075,0.9846653536965061,0.9834891428460472,0.9846653536965061,0.9839664964298257,0.9964201610279418,0.9787122786430025,,0.5045181268453598,/home/eecommu06/Documents/BT/Chili_CrossDataset/results/baselines/mobilenet_v2/within_cv/B_within/seed_46/fold_05/metrics.json,,,
baselines,within_cv,B_within,B,3.0,5.0,mobilenet_v2,44,cuda,True,6,bacterial_spot|cercospora_leaf_spot|curl_virus|healthy|nutrient_deficiency|powdery_mildew,5714,635,1587,2231558,2231558,3,0.9814758135352416,436.3181417210035,1290.1484375,0.9703843730308759,0.9734004864584477,0.9719117960070597,0.9734004864584477,0.972532173451815,0.993972021514967,0.9642162859428812,,0.5416941434144974,/home/eecommu06/Documents/BT/Chili_CrossDataset/results/baselines/mobilenet_v2/within_cv/B_within/seed_44/fold_03/metrics.json,,,
baselines,within_cv,B_within,B,2.0,5.0,mobilenet_v2,43,cuda,True,6,bacterial_spot|cercospora_leaf_spot|curl_virus|healthy|nutrient_deficiency|powdery_mildew,5714,635,1587,2231558,2231558,10,0.9846119081917276,747.6962312140022,1291.64453125,0.9829867674858223,0.9844613289151501,0.9851871746485954,0.9844613289151501,0.9847847891694422,0.9964761215533543,0.9793843220521363,,0.5034128040075302,/home/eecommu06/Documents/BT/Chili_CrossDataset/results/baselines/mobilenet_v2/within_cv/B_within/seed_43/fold_02/metrics.json,,,
baselines,within_cv,B_within,B,4.0,5.0,mobilenet_v2,45,cuda,True,6,bacterial_spot|cercospora_leaf_spot|curl_virus|healthy|nutrient_deficiency|powdery_mildew,5714,635,1587,2231558,2231558,14,0.9885718969024989,861.0064980489988,1290.1484375,0.984247006931317,0.986513040392616,0.9859354274203643,0.986513040392616,0.9861661842663411,0.9967546354527962,0.9808474914869876,,0.506131928563118,/home/eecommu06/Documents/BT/Chili_CrossDataset/results/baselines/mobilenet_v2/within_cv/B_within/seed_45/fold_04/metrics.json,,,
baselines,within_cv,B_within,B,1.0,5.0,mobilenet_v2,42,cuda,True,6,bacterial_spot|cercospora_leaf_spot|curl_virus|healthy|nutrient_deficiency|powdery_mildew,5713,635,1588,2231558,2231558,16,0.9912582823507564,1004.4371274139994,1291.9140625,0.9842569269521411,0.9836835202549533,0.9852980410195707,0.9836835202549533,0.9844579248022621,0.9967743919308476,0.9809212961316127,,0.49594022274017335,/home/eecommu06/Documents/BT/Chili_CrossDataset/results/baselines/mobilenet_v2/within_cv/B_within/seed_42/fold_01/metrics.json,,,
baselines,within_cv,C_within,C,5.0,5.0,mobilenet_v2,46,cuda,True,4,cercospora_leaf_spot|healthy|nutrient_deficiency|powdery_mildew,1193,133,331,2228996,2228996,23,0.8535472171378211,61.60499210999842,1309.478515625,0.8217522658610272,0.7991268496927567,0.7984575881634706,0.7991268496927567,0.7926142053192342,0.9250370649110086,0.7049708171532346,,0.9517186758193102,/home/eecommu06/Documents/BT/Chili_CrossDataset/results/baselines/mobilenet_v2/within_cv/C_within/seed_46/fold_05/metrics.json,,,
baselines,within_cv,C_within,C,3.0,5.0,mobilenet_v2,44,cuda,True,4,cercospora_leaf_spot|healthy|nutrient_deficiency|powdery_mildew,1192,133,332,2228996,2228996,5,0.80591046277666,25.99275040899738,1299.701171875,0.7379518072289156,0.7664790870307607,0.7224179355719744,0.7664790870307607,0.7402332005684131,0.9025660831327514,0.5971682270265231,,1.0375597314401106,/home/eecommu06/Documents/BT/Chili_CrossDataset/results/baselines/mobilenet_v2/within_cv/C_within/seed_44/fold_03/metrics.json,,,
baselines,within_cv,C_within,C,2.0,5.0,mobilenet_v2,43,cuda,True,4,cercospora_leaf_spot|healthy|nutrient_deficiency|powdery_mildew,1193,133,331,2228996,2228996,18,0.8756923757910731,73.40337513299892,1291.251953125,0.8398791540785498,0.8487738787034562,0.8260337601108392,0.8487738787034562,0.8365101929041865,0.9407159993190519,0.7548003483852853,,0.9093350009484724,/home/eecommu06/Documents/BT/Chili_CrossDataset/results/baselines/mobilenet_v2/within_cv/C_within/seed_43/fold_02/metrics.json,,,
baselines,within_cv,C_within,C,4.0,5.0,mobilenet_v2,45,cuda,True,4,cercospora_leaf_spot|healthy|nutrient_deficiency|powdery_mildew,1193,133,331,2228996,2228996,17,0.8865099783427084,49.202844136998465,1309.478515625,0.8217522658610272,0.8259152079804255,0.8159303160919541,0.8259152079804255,0.8204154101433521,0.9318555948759106,0.735916645725678,,0.9628542729399421,/home/eecommu06/Documents/BT/Chili_CrossDataset/results/baselines/mobilenet_v2/within_cv/C_within/seed_45/fold_04/metrics.json,,,
baselines,within_cv,C_within,C,1.0,5.0,mobilenet_v2,42,cuda,True,4,cercospora_leaf_spot|healthy|nutrient_deficiency|powdery_mildew,1192,133,332,2228996,2228996,10,0.8149729698642743,62.747976083999674,1290.974609375,0.8102409638554217,0.8263332086761407,0.7919362132169536,0.8263332086761407,0.8026144384209905,0.9277221412397176,0.7045440332718926,,0.9930153434926813,/home/eecommu06/Documents/BT/Chili_CrossDataset/results/baselines/mobilenet_v2/within_cv/C_within/seed_42/fold_01/metrics.json,,,
baselines,within_cv,A_within,A,5.0,5.0,mobilenet_v2,46,cuda,True,5,bacterial_spot|cercospora_leaf_spot|curl_virus|healthy|nutrient_deficiency,1186,132,329,2230277,2230277,5,1.0,63.75908130099924,1290.9990234375,0.993920972644377,0.991041592605759,0.9902930402930403,0.991041592605759,0.9905282724231148,0.99854409755072,0.9919560824099463,,0.5787542543627999,/home/eecommu06/Documents/BT/Chili_CrossDataset/results/baselines/mobilenet_v2/within_cv/A_within/seed_46/fold_05/metrics.json,,,
baselines,within_cv,A_within,A,3.0,5.0,mobilenet_v2,44,cuda,True,5,bacterial_spot|cercospora_leaf_spot|curl_virus|healthy|nutrient_deficiency,1186,132,329,2230277,2230277,2,1.0,83.67522954100059,1291.248046875,0.9908814589665653,0.9929118388739637,0.9929926602963578,0.9929118388739637,0.9929387214006349,0.9975409013349393,0.9882495950943182,,0.616576687856154,/home/eecommu06/Documents/BT/Chili_CrossDataset/results/baselines/mobilenet_v2/within_cv/A_within/seed_44/fold_03/metrics.json,,,
baselines,within_cv,A_within,A,2.0,5.0,mobilenet_v2,43,cuda,True,5,bacterial_spot|cercospora_leaf_spot|curl_virus|healthy|nutrient_deficiency,1185,132,330,2230277,2230277,3,0.9751504049170645,54.41121875799945,1291.5498046875,0.9939393939393939,0.9846153846153847,0.9891891891891891,0.9846153846153847,0.9864444444444445,0.9986440677966101,0.9920809640289512,,0.5830423425544392,/home/eecommu06/Documents/BT/Chili_CrossDataset/results/baselines/mobilenet_v2/within_cv/A_within/seed_43/fold_02/metrics.json,,,
baselines,within_cv,A_within,A,4.0,5.0,mobilenet_v2,45,cuda,True,5,bacterial_spot|cercospora_leaf_spot|curl_virus|healthy|nutrient_deficiency,1186,132,329,2230277,2230277,7,1.0,73.13998416100003,1290.9990234375,0.9969604863221885,0.9925925925925926,0.998,0.9925925925925926,0.9952213899687115,0.9991304347826088,0.9960090085366591,,0.5693196762691844,/home/eecommu06/Documents/BT/Chili_CrossDataset/results/baselines/mobilenet_v2/within_cv/A_within/seed_45/fold_04/metrics.json,,,
baselines,within_cv,A_within,A,1.0,5.0,mobilenet_v2,42,cuda,True,5,bacterial_spot|cercospora_leaf_spot|curl_virus|healthy|nutrient_deficiency,1185,132,330,2230277,2230277,2,1.0,112.17128919300012,1289.8505859375,0.9787878787878788,0.962087912087912,0.9607171094244149,0.962087912087912,0.9597408367271381,0.9951611203640329,0.9725671769552869,,0.6412323225628246,/home/eecommu06/Documents/BT/Chili_CrossDataset/results/baselines/mobilenet_v2/within_cv/A_within/seed_42/fold_01/metrics.json,,,
baselines,within_cv,B_within,B,5.0,5.0,resnet50,46,cuda,True,6,bacterial_spot|cercospora_leaf_spot|curl_virus|healthy|nutrient_deficiency|powdery_mildew,5714,635,1587,23520326,23520326,14,0.9936734489701706,720.5886617569995,1822.67236328125,0.9848771266540642,0.985646057660064,0.9852321354274056,0.985646057660064,0.985431017886147,0.9969330540559476,0.9817093780133523,,0.4911545890569687,/home/eecommu06/Documents/BT/Chili_CrossDataset/results/baselines/resnet50/within_cv/B_within/seed_46/fold_05/metrics.json,,,
baselines,within_cv,B_within,B,3.0,5.0,resnet50,44,cuda,True,6,bacterial_spot|cercospora_leaf_spot|curl_virus|healthy|nutrient_deficiency|powdery_mildew,5714,635,1587,23520326,23520326,15,0.9858471267972009,754.0743013370011,2005.72998046875,0.980466288594833,0.9824187576184378,0.9805863476232459,0.9824187576184378,0.9814556675312368,0.9960514241079098,0.9763717996897582,,0.5047888851165772,/home/eecommu06/Documents/BT/Chili_CrossDataset/results/baselines/resnet50/within_cv/B_within/seed_44/fold_03/metrics.json,,,
baselines,within_cv,B_within,B,2.0,5.0,resnet50,43,cuda,True,6,bacterial_spot|cercospora_leaf_spot|curl_virus|healthy|nutrient_deficiency|powdery_mildew,5714,635,1587,23520326,23520326,4,0.9847897117727782,420.52661902100226,2006.04345703125,0.9810964083175804,0.9834821122884515,0.9822368041198208,0.9834821122884515,0.9828011312005657,0.9961622566366976,0.9771164764566984,,0.5133258712291717,/home/eecommu06/Documents/BT/Chili_CrossDataset/results/baselines/resnet50/within_cv/B_within/seed_43/fold_02/metrics.json,,,
baselines,within_cv,B_within,B,4.0,5.0,resnet50,45,cuda,True,6,bacterial_spot|cercospora_leaf_spot|curl_virus|healthy|nutrient_deficiency|powdery_mildew,5714,635,1587,23520326,23520326,31,0.9899498623682704,1281.0748952040012,1825.49267578125,0.9848771266540642,0.9866308512452924,0.98699895750965,0.9866308512452924,0.9867681661136326,0.9968625692444993,0.9816066189192773,,0.49432895839214325,/home/eecommu06/Documents/BT/Chili_CrossDataset/results/baselines/resnet50/within_cv/B_within/seed_45/fold_04/metrics.json,,,
baselines,within_cv,B_within,B,1.0,5.0,resnet50,42,cuda,True,6,bacterial_spot|cercospora_leaf_spot|curl_virus|healthy|nutrient_deficiency|powdery_mildew,5713,635,1588,23520326,23520326,9,0.9898206186699107,584.1475512360048,1916.63427734375,0.9792191435768262,0.9802410501057618,0.9812594102132376,0.9802410501057618,0.980640498965825,0.9957258192487286,0.9748677049070128,,0.5082763248682022,/home/eecommu06/Documents/BT/Chili_CrossDataset/results/baselines/resnet50/within_cv/B_within/seed_42/fold_01/metrics.json,,,
baselines,within_cv,C_within,C,5.0,5.0,resnet50,46,cuda,True,4,cercospora_leaf_spot|healthy|nutrient_deficiency|powdery_mildew,1193,133,331,23516228,23516228,24,0.8764775413711584,70.17821824699786,2014.25439453125,0.8459214501510574,0.8096763312654905,0.8109498132185805,0.8096763312654905,0.8075364124284987,0.9337333269094336,0.7421366890375531,,0.9296499788761139,/home/eecommu06/Documents/BT/Chili_CrossDataset/results/baselines/resnet50/within_cv/C_within/seed_46/fold_05/metrics.json,,,
baselines,within_cv,C_within,C,3.0,5.0,resnet50,44,cuda,True,4,cercospora_leaf_spot|healthy|nutrient_deficiency|powdery_mildew,1192,133,332,23516228,23516228,13,0.846828885400314,46.168187520001084,2011.25439453125,0.8433734939759037,0.8256876415391202,0.8315810945473271,0.8256876415391202,0.820536483327181,0.9337597793177387,0.7462162624685597,,0.9165461862629111,/home/eecommu06/Documents/BT/Chili_CrossDataset/results/baselines/resnet50/within_cv/C_within/seed_44/fold_03/metrics.json,,,
baselines,within_cv,C_within,C,2.0,5.0,resnet50,43,cuda,True,4,cercospora_leaf_spot|healthy|nutrient_deficiency|powdery_mildew,1193,133,331,23516228,23516228,15,0.877809809921879,58.836001283998485,2009.69189453125,0.8429003021148036,0.8370774061619133,0.8516122766122767,0.8370774061619133,0.8395971103217919,0.9403245698277091,0.7602302898148023,,0.9622186557813124,/home/eecommu06/Documents/BT/Chili_CrossDataset/results/baselines/resnet50/within_cv/C_within/seed_43/fold_02/metrics.json,,,
baselines,within_cv,C_within,C,4.0,5.0,resnet50,45,cuda,True,4,cercospora_leaf_spot|healthy|nutrient_deficiency|powdery_mildew,1193,133,331,23516228,23516228,19,0.8935897435897435,59.3745007059988,2014.25439453125,0.8368580060422961,0.8287925842273668,0.8445616883116883,0.8287925842273668,0.8350851217954376,0.9354153338187893,0.7563437009184646,,0.9382835626602173,/home/eecommu06/Documents/BT/Chili_CrossDataset/results/baselines/resnet50/within_cv/C_within/seed_45/fold_04/metrics.json,,,
baselines,within_cv,C_within,C,1.0,5.0,resnet50,42,cuda,True,4,cercospora_leaf_spot|healthy|nutrient_deficiency|powdery_mildew,1192,133,332,23516228,23516228,33,0.8812344656172328,95.72585632000118,1917.74853515625,0.8795180722891566,0.857509349289454,0.8769230769230769,0.857509349289454,0.8635283256925056,0.9474507252606235,0.8007941018680071,,0.882774602283131,/home/eecommu06/Documents/BT/Chili_CrossDataset/results/baselines/resnet50/within_cv/C_within/seed_42/fold_01/metrics.json,,,
baselines,within_cv,A_within,A,5.0,5.0,resnet50,46,cuda,True,5,bacterial_spot|cercospora_leaf_spot|curl_virus|healthy|nutrient_deficiency,1186,132,329,23518277,23518277,2,1.0,49.04558568899665,1913.77978515625,0.9878419452887538,0.9864070255822833,0.9831363781539444,0.9864070255822833,0.9844183871711284,0.9969275362318839,0.9839801058943541,,0.586085790937597,/home/eecommu06/Documents/BT/Chili_CrossDataset/results/baselines/resnet50/within_cv/A_within/seed_46/fold_05/metrics.json,,,
baselines,within_cv,A_within,A,3.0,5.0,resnet50,44,cuda,True,5,bacterial_spot|cercospora_leaf_spot|curl_virus|healthy|nutrient_deficiency,1186,132,329,23518277,23518277,2,1.0,58.46647839200159,1909.77978515625,0.9969604863221885,0.9944444444444445,0.9949999999999999,0.9944444444444445,0.9946514530219289,0.9993103448275862,0.9960910510662325,,0.593805727633563,/home/eecommu06/Documents/BT/Chili_CrossDataset/results/baselines/resnet50/within_cv/A_within/seed_44/fold_03/metrics.json,,,
baselines,within_cv,A_within,A,2.0,5.0,resnet50,43,cuda,True,5,bacterial_spot|cercospora_leaf_spot|curl_virus|healthy|nutrient_deficiency,1185,132,330,23518277,23518277,5,0.9873992673992674,66.03755184700276,1911.84228515625,0.9939393939393939,0.9900605012964563,0.9923167848699764,0.9900605012964563,0.9910620677446961,0.998478152041765,0.9920574729575959,,0.5915832384066149,/home/eecommu06/Documents/BT/Chili_CrossDataset/results/baselines/resnet50/within_cv/A_within/seed_43/fold_02/metrics.json,,,
baselines,within_cv,A_within,A,4.0,5.0,resnet50,45,cuda,True,5,bacterial_spot|cercospora_leaf_spot|curl_virus|healthy|nutrient_deficiency,1186,132,329,23518277,23518277,4,0.9938704434641281,60.431409210999846,1911.71728515625,0.993920972644377,0.987037037037037,0.9904873294346977,0.987037037037037,0.9887174901259408,0.9984866845145837,0.992006679648847,,0.5782429386268962,/home/eecommu06/Documents/BT/Chili_CrossDataset/results/baselines/resnet50/within_cv/A_within/seed_45/fold_04/metrics.json,,,
baselines,within_cv,A_within,A,1.0,5.0,resnet50,42,cuda,True,5,bacterial_spot|cercospora_leaf_spot|curl_virus|healthy|nutrient_deficiency,1185,132,330,23518277,23518277,4,1.0,75.4403742909999,1814.07861328125,0.9636363636363636,0.935236502627807,0.9532264957264956,0.935236502627807,0.9429989365473237,0.9907733048841848,0.9527443402017628,,0.6416720097715204,/home/eecommu06/Documents/BT/Chili_CrossDataset/results/baselines/resnet50/within_cv/A_within/seed_42/fold_01/metrics.json,,,
baselines,within_cv,B_within,B,5.0,5.0,swin_t,46,cuda,True,6,bacterial_spot|cercospora_leaf_spot|curl_virus|healthy|nutrient_deficiency|powdery_mildew,5714,635,1587,27523968,27523968,23,0.987656997101099,1244.1405924500068,2694.873046875,0.9855072463768116,0.9864929464210447,0.9869249098324197,0.9864929464210447,0.9866954742483333,0.9970269605756575,0.982472122193224,,0.49659851789474485,/home/eecommu06/Documents/BT/Chili_CrossDataset/results/baselines/swin_t/within_cv/B_within/seed_46/fold_05/metrics.json,,,
baselines,within_cv,B_within,B,3.0,5.0,swin_t,44,cuda,True,6,bacterial_spot|cercospora_leaf_spot|curl_virus|healthy|nutrient_deficiency|powdery_mildew,5714,635,1587,27523968,27523968,34,0.991176205823197,1346.9604878320024,2800.302734375,0.9810964083175804,0.9820588580125088,0.9813262280671622,0.9820588580125088,0.9816336901914262,0.9961774498166333,0.9771369925982981,,0.5137666219472885,/home/eecommu06/Documents/BT/Chili_CrossDataset/results/baselines/swin_t/within_cv/B_within/seed_44/fold_03/metrics.json,,,
baselines,within_cv,B_within,B,2.0,5.0,swin_t,43,cuda,True,6,bacterial_spot|cercospora_leaf_spot|curl_virus|healthy|nutrient_deficiency|powdery_mildew,5714,635,1587,27523968,27523968,32,0.9864670377827585,1682.966958582998,2798.74609375,0.9829867674858223,0.98461225130614,0.9844167279657322,0.98461225130614,0.9844827755295777,0.9965157467812772,0.9793825551975377,,0.508099634051323,/home/eecommu06/Documents/BT/Chili_CrossDataset/results/baselines/swin_t/within_cv/B_within/seed_43/fold_02/metrics.json,,,
baselines,within_cv,B_within,B,4.0,5.0,swin_t,45,cuda,True,6,bacterial_spot|cercospora_leaf_spot|curl_virus|healthy|nutrient_deficiency|powdery_mildew,5714,635,1587,27523968,27523968,5,0.9854911734509129,531.579708129997,2691.673828125,0.9741650913673598,0.976892106585332,0.9763914511604863,0.976892106585332,0.9764885466726437,0.9947210904348059,0.9686475148757756,,0.5239779114723205,/home/eecommu06/Documents/BT/Chili_CrossDataset/results/baselines/swin_t/within_cv/B_within/seed_45/fold_04/metrics.json,,,
baselines,within_cv,B_within,B,1.0,5.0,swin_t,42,cuda,True,6,bacterial_spot|cercospora_leaf_spot|curl_virus|healthy|nutrient_deficiency|powdery_mildew,5713,635,1588,27523968,27523968,14,0.9899143461811111,905.8231335289966,2806.61474609375,0.9798488664987406,0.9806720570421629,0.9810389304506951,0.9806720570421629,0.9808414091051558,0.9958827494311288,0.9755751276455469,,0.49950151443481444,/home/eecommu06/Documents/BT/Chili_CrossDataset/results/baselines/swin_t/within_cv/B_within/seed_42/fold_01/metrics.json,,,
baselines,within_cv,C_within,C,5.0,5.0,swin_t,46,cuda,True,4,cercospora_leaf_spot|healthy|nutrient_deficiency|powdery_mildew,1193,133,331,27522430,27522430,16,0.8670619393359709,79.16217947599944,2699.05419921875,0.8398791540785498,0.8046126827694429,0.8315584415584416,0.8046126827694429,0.810839118255998,0.9271088687538703,0.7295816245468112,,0.9558137533339587,/home/eecommu06/Documents/BT/Chili_CrossDataset/results/baselines/swin_t/within_cv/C_within/seed_46/fold_05/metrics.json,,,
baselines,within_cv,C_within,C,3.0,5.0,swin_t,44,cuda,True,4,cercospora_leaf_spot|healthy|nutrient_deficiency|powdery_mildew,1192,133,332,27522430,27522430,28,0.8597202797202798,117.68755305599916,2696.26708984375,0.8644578313253012,0.8669061547270842,0.8763196480938417,0.8669061547270842,0.8714101288599205,0.9427157353589565,0.7801868585195677,,0.9521962851285934,/home/eecommu06/Documents/BT/Chili_CrossDataset/results/baselines/swin_t/within_cv/C_within/seed_44/fold_03/metrics.json,,,
baselines,within_cv,C_within,C,2.0,5.0,swin_t,43,cuda,True,4,cercospora_leaf_spot|healthy|nutrient_deficiency|powdery_mildew,1193,133,331,27522430,27522430,14,0.8614719685724139,72.46493647600437,2695.99267578125,0.8217522658610272,0.8198385886414056,0.8368042526579111,0.8198385886414056,0.8175379422470349,0.9355168775200167,0.7359946766699121,,0.9600015174258839,/home/eecommu06/Documents/BT/Chili_CrossDataset/results/baselines/swin_t/within_cv/C_within/seed_43/fold_02/metrics.json,,,
baselines,within_cv,C_within,C,4.0,5.0,swin_t,45,cuda,True,4,cercospora_leaf_spot|healthy|nutrient_deficiency|powdery_mildew,1193,133,331,27522430,27522430,20,0.8789149355187091,91.23874330399849,2698.74365234375,0.8549848942598187,0.8515198569546395,0.8510094417613019,0.8515198569546395,0.8506407039015734,0.943761523472219,0.7843174926730021,,0.9299700991673903,/home/eecommu06/Documents/BT/Chili_CrossDataset/results/baselines/swin_t/within_cv/C_within/seed_45/fold_04/metrics.json,,,
baselines,within_cv,C_within,C,1.0,5.0,swin_t,42,cuda,True,4,cercospora_leaf_spot|healthy|nutrient_deficiency|powdery_mildew,1192,133,332,27522430,27522430,29,0.8455728462756303,120.5922023940002,2692.27587890625,0.8493975903614458,0.8317988032909499,0.8534172376601954,0.8317988032909499,0.8307933166835009,0.9358164983164983,0.7542060351667679,,0.955729220401157,/home/eecommu06/Documents/BT/Chili_CrossDataset/results/baselines/swin_t/within_cv/C_within/seed_42/fold_01/metrics.json,,,
baselines,within_cv,A_within,A,5.0,5.0,swin_t,46,cuda,True,5,bacterial_spot|cercospora_leaf_spot|curl_virus|healthy|nutrient_deficiency,1186,132,329,27523199,27523199,3,1.0,57.45941241700348,2800.66064453125,0.9848024316109423,0.9683085147002674,0.9731934731934733,0.9683085147002674,0.9687701821828514,0.9965396825396826,0.9800311571658682,,0.5839010260321877,/home/eecommu06/Documents/BT/Chili_CrossDataset/results/baselines/swin_t/within_cv/A_within/seed_46/fold_05/metrics.json,,,
baselines,within_cv,A_within,A,3.0,5.0,swin_t,44,cuda,True,5,bacterial_spot|cercospora_leaf_spot|curl_virus|healthy|nutrient_deficiency,1186,132,329,27523199,27523199,4,1.0,59.75292898799671,2800.99560546875,1.0,1.0,1.0,1.0,1.0,1.0,1.0,,0.5686466951261867,/home/eecommu06/Documents/BT/Chili_CrossDataset/results/baselines/swin_t/within_cv/A_within/seed_44/fold_03/metrics.json,,,
baselines,within_cv,A_within,A,2.0,5.0,swin_t,43,cuda,True,5,bacterial_spot|cercospora_leaf_spot|curl_virus|healthy|nutrient_deficiency,1185,132,330,27523199,27523199,1,0.9890497312633618,46.8897781630003,2692.6162109375,0.9818181818181818,0.9701748381392431,0.9805169124243459,0.9701748381392431,0.9744085103284315,0.9953105593840534,0.9762337382235333,,0.6216237003153021,/home/eecommu06/Documents/BT/Chili_CrossDataset/results/baselines/swin_t/within_cv/A_within/seed_43/fold_02/metrics.json,,,
baselines,within_cv,A_within,A,4.0,5.0,swin_t,45,cuda,True,5,bacterial_spot|cercospora_leaf_spot|curl_virus|healthy|nutrient_deficiency,1186,132,329,27523199,27523199,3,1.0,57.44865107600344,2799.826171875,1.0,1.0,1.0,1.0,1.0,1.0,1.0,,0.5623391419649124,/home/eecommu06/Documents/BT/Chili_CrossDataset/results/baselines/swin_t/within_cv/A_within/seed_45/fold_04/metrics.json,,,
baselines,within_cv,A_within,A,1.0,5.0,swin_t,42,cuda,True,5,bacterial_spot|cercospora_leaf_spot|curl_virus|healthy|nutrient_deficiency,1185,132,330,27523199,27523199,3,1.0,56.16890732599859,2692.46044921875,0.9848484848484849,0.9642857142857142,0.9772727272727273,0.9642857142857142,0.9683439640916607,0.9965635738831615,0.9805137021962951,,0.6006846996870908,/home/eecommu06/Documents/BT/Chili_CrossDataset/results/baselines/swin_t/within_cv/A_within/seed_42/fold_01/metrics.json,,,
baselines,within_cv,B_within,B,5.0,5.0,efficientnet_b4,46,cuda,True,6,bacterial_spot|cercospora_leaf_spot|curl_virus|healthy|nutrient_deficiency|powdery_mildew,5714,635,1587,17559374,17559374,10,0.9928472210173366,712.976652338999,3869.74072265625,0.9855072463768116,0.9871496217828915,0.9859733034988611,0.9871496217828915,0.9864820554229164,0.9970721576663832,0.9825093454756638,,0.49559564888477325,/home/eecommu06/Documents/BT/Chili_CrossDataset/results/baselines/efficientnet_b4/within_cv/B_within/seed_46/fold_05/metrics.json,,,
baselines,within_cv,B_within,B,3.0,5.0,efficientnet_b4,44,cuda,True,6,bacterial_spot|cercospora_leaf_spot|curl_virus|healthy|nutrient_deficiency|powdery_mildew,5714,635,1587,17559374,17559374,10,0.98900000736342,724.1352613259951,3874.31591796875,0.9792060491493384,0.980490705511018,0.9810331928168498,0.980490705511018,0.9806898577686057,0.995737761746119,0.974857918184983,,0.5043762820959091,/home/eecommu06/Documents/BT/Chili_CrossDataset/results/baselines/efficientnet_b4/within_cv/B_within/seed_44/fold_03/metrics.json,,,
baselines,within_cv,B_within,B,2.0,5.0,efficientnet_b4,43,cuda,True,6,bacterial_spot|cercospora_leaf_spot|curl_virus|healthy|nutrient_deficiency|powdery_mildew,5714,635,1587,17559374,17559374,4,0.9814546145678221,549.9329856580007,3824.65185546875,0.9861373660995589,0.9875113046934278,0.9875370528962547,0.9875113046934278,0.9875015229169796,0.9971565535565738,0.9832008154531211,,0.49637269020080566,/home/eecommu06/Documents/BT/Chili_CrossDataset/results/baselines/efficientnet_b4/within_cv/B_within/seed_43/fold_02/metrics.json,,,
baselines,within_cv,B_within,B,4.0,5.0,efficientnet_b4,45,cuda,True,6,bacterial_spot|cercospora_leaf_spot|curl_virus|healthy|nutrient_deficiency|powdery_mildew,5714,635,1587,17559374,17559374,6,0.9899923705024127,564.1231670179986,3804.89501953125,0.982356647763075,0.9841400900413874,0.9840151298388417,0.9841400900413874,0.9840193235380124,0.9963733719269617,0.9785400732953575,,0.49374751150608065,/home/eecommu06/Documents/BT/Chili_CrossDataset/results/baselines/efficientnet_b4/within_cv/B_within/seed_45/fold_04/metrics.json,,,
baselines,within_cv,B_within,B,1.0,5.0,efficientnet_b4,42,cuda,True,6,bacterial_spot|cercospora_leaf_spot|curl_virus|healthy|nutrient_deficiency|powdery_mildew,5713,635,1588,17559374,17559374,6,0.9888573156091867,613.7560543349973,3894.47265625,0.9836272040302267,0.9830600513146264,0.9855354841450635,0.9830600513146264,0.9842270853020029,0.9966167789188569,0.9801687516062411,,0.4956460601091385,/home/eecommu06/Documents/BT/Chili_CrossDataset/results/baselines/efficientnet_b4/within_cv/B_within/seed_42/fold_01/metrics.json,,,
baselines,within_cv,C_within,C,5.0,5.0,efficientnet_b4,46,cuda,True,4,cercospora_leaf_spot|healthy|nutrient_deficiency|powdery_mildew,1193,133,331,17555788,17555788,27,0.8564849537493915,120.31337502000679,3878.56103515625,0.8096676737160121,0.8148327393784739,0.759953784953785,0.8148327393784739,0.7839623376151562,0.9266257043250999,0.6958534590626774,,1.0202806226231835,/home/eecommu06/Documents/BT/Chili_CrossDataset/results/baselines/efficientnet_b4/within_cv/C_within/seed_46/fold_05/metrics.json,,,
baselines,within_cv,C_within,C,3.0,5.0,efficientnet_b4,44,cuda,True,4,cercospora_leaf_spot|healthy|nutrient_deficiency|powdery_mildew,1192,133,332,17555788,17555788,19,0.854018850251727,92.64235323799949,3810.44189453125,0.8403614457831325,0.8509741373529154,0.8205044975494497,0.8509741373529154,0.834563772083272,0.9377734257154909,0.7453960654440048,,0.9224200519648466,/home/eecommu06/Documents/BT/Chili_CrossDataset/results/baselines/efficientnet_b4/within_cv/C_within/seed_44/fold_03/metrics.json,,,
baselines,within_cv,C_within,C,2.0,5.0,efficientnet_b4,43,cuda,True,4,cercospora_leaf_spot|healthy|nutrient_deficiency|powdery_mildew,1193,133,331,17555788,17555788,13,0.8268990020493628,120.2031094490012,3902.57763671875,0.7643504531722054,0.7942019131103638,0.7399896069538926,0.7942019131103638,0.7610806714945522,0.9156782279806743,0.6536227000666631,,1.0065812414342707,/home/eecommu06/Documents/BT/Chili_CrossDataset/results/baselines/efficientnet_b4/within_cv/C_within/seed_43/fold_02/metrics.json,,,
baselines,within_cv,C_within,C,4.0,5.0,efficientnet_b4,45,cuda,True,4,cercospora_leaf_spot|healthy|nutrient_deficiency|powdery_mildew,1193,133,331,17555788,17555788,37,0.8391093390998783,137.37508037799853,3809.294921875,0.8096676737160121,0.793944099378882,0.814020884188564,0.793944099378882,0.8027643141263232,0.9241843727300441,0.7139173771146359,0.9421558171238925,0.9660030224106528,/home/eecommu06/Documents/BT/Chili_CrossDataset/results/baselines/efficientnet_b4/within_cv/C_within/seed_45/fold_04/metrics.json,,,
baselines,within_cv,C_within,C,1.0,5.0,efficientnet_b4,42,cuda,True,4,cercospora_leaf_spot|healthy|nutrient_deficiency|powdery_mildew,1192,133,332,17555788,17555788,16,0.8337471932657744,137.82281930200406,3896.17138671875,0.7710843373493976,0.7609152954375468,0.7465810008182889,0.7609152954375468,0.7534820297417087,0.9056939266236212,0.6277119964580935,,1.0357855571941896,/home/eecommu06/Documents/BT/Chili_CrossDataset/results/baselines/efficientnet_b4/within_cv/C_within/seed_42/fold_01/metrics.json,,,
baselines,within_cv,A_within,A,5.0,5.0,efficientnet_b4,46,cuda,True,5,bacterial_spot|cercospora_leaf_spot|curl_virus|healthy|nutrient_deficiency,1186,132,329,17557581,17557581,7,1.0,74.96637642000132,3878.03369140625,0.993920972644377,0.9905307369224895,0.9870967741935484,0.9905307369224895,0.9885234789976212,0.9986666666666666,0.9919728430187582,,0.5732687061483209,/home/eecommu06/Documents/BT/Chili_CrossDataset/results/baselines/efficientnet_b4/within_cv/A_within/seed_46/fold_05/metrics.json,,,
baselines,within_cv,A_within,A,3.0,5.0,efficientnet_b4,44,cuda,True,5,bacterial_spot|cercospora_leaf_spot|curl_virus|healthy|nutrient_deficiency,1186,132,329,17557581,17557581,4,1.0,109.19238860600308,3964.4912109375,0.9908814589665653,0.9874180083482409,0.9871481028151774,0.9874180083482409,0.9869922554133079,0.9978151401555418,0.9882978219118459,,0.6137858358296481,/home/eecommu06/Documents/BT/Chili_CrossDataset/results/baselines/efficientnet_b4/within_cv/A_within/seed_44/fold_03/metrics.json,,,
baselines,within_cv,A_within,A,2.0,5.0,efficientnet_b4,43,cuda,True,5,bacterial_spot|cercospora_leaf_spot|curl_virus|healthy|nutrient_deficiency,1185,132,330,17557581,17557581,5,1.0,66.99441455300257,3877.74853515625,1.0,1.0,1.0,1.0,1.0,1.0,1.0,,0.5711545808748766,/home/eecommu06/Documents/BT/Chili_CrossDataset/results/baselines/efficientnet_b4/within_cv/A_within/seed_43/fold_02/metrics.json,,,
baselines,within_cv,A_within,A,4.0,5.0,efficientnet_b4,45,cuda,True,5,bacterial_spot|cercospora_leaf_spot|curl_virus|healthy|nutrient_deficiency,1186,132,329,17557581,17557581,9,0.9908086610693768,84.63978767899971,3879.71337890625,0.993920972644377,0.9905723905723904,0.9904873294346977,0.9905723905723904,0.9905191631079955,0.9984866845145837,0.9920125476752845,,0.5752466266805475,/home/eecommu06/Documents/BT/Chili_CrossDataset/results/baselines/efficientnet_b4/within_cv/A_within/seed_45/fold_04/metrics.json,,,
baselines,within_cv,A_within,A,1.0,5.0,efficientnet_b4,42,cuda,True,5,bacterial_spot|cercospora_leaf_spot|curl_virus|healthy|nutrient_deficiency,1185,132,330,17557581,17557581,6,1.0,172.3341461050004,3824.44140625,0.9878787878787879,0.9763492063492063,0.9804010571123081,0.9763492063492063,0.9779867856683498,0.9971228417631817,0.9842404208970279,,0.5988204587589611,/home/eecommu06/Documents/BT/Chili_CrossDataset/results/baselines/efficientnet_b4/within_cv/A_within/seed_42/fold_01/metrics.json,,,
baselines,pairwise,C->A,,,,mobilenet_v3_small,42,cuda,True,3,cercospora_leaf_spot|healthy|nutrient_deficiency,1345,150,1077,1520931,1520931,14,0.737590814933485,95.90379710699199,318.63232421875,0.6109563602599815,0.6351211411036739,0.5987163727186878,0.6351211411036739,0.5984088977169876,0.807545654222171,0.4153029245270255,,0.8810495856930228,/home/eecommu06/Documents/BT/Chili_CrossDataset/results/baselines/mobilenet_v3_small/pairwise/C_to_A/seed_42/metrics.json,C,A,0.0
baselines,pairwise,B->C,,,,mobilenet_v3_small,42,cuda,True,4,cercospora_leaf_spot|healthy|nutrient_deficiency|powdery_mildew,4566,508,1657,1521956,1521956,7,0.9947709425965056,498.87010856799316,319.81787109375,0.23415811707905854,0.3145726817158498,0.4075385003447528,0.3145726817158498,0.25022716542468804,0.7519600780894715,0.03582266901421329,,1.7017421470238612,/home/eecommu06/Documents/BT/Chili_CrossDataset/results/baselines/mobilenet_v3_small/pairwise/B_to_C/seed_42/metrics.json,B,C,0.0
baselines,pairwise,B->A,,,,mobilenet_v3_small,42,cuda,True,5,bacterial_spot|cercospora_leaf_spot|curl_virus|healthy|nutrient_deficiency,6383,710,1647,1522981,1522981,20,0.9907411800307688,1333.2984485449851,319.73974609375,0.6533090467516697,0.583784586358112,0.6199998644816099,0.583784586358112,0.5526166804821754,0.9081856945622586,0.5790784310015633,,1.1634391013246317,/home/eecommu06/Documents/BT/Chili_CrossDataset/results/baselines/mobilenet_v3_small/pairwise/B_to_A/seed_42/metrics.json,B,A,0.0
baselines,pairwise,A->C,,,,mobilenet_v3_small,42,cuda,True,3,cercospora_leaf_spot|healthy|nutrient_deficiency,969,108,1495,1520931,1520931,2,1.0,88.45436683099251,318.25146484375,0.5103678929765886,0.5348889274431959,0.5138730979861407,0.5348889274431959,0.4849179934205328,0.753977013445005,0.2688753929564567,,1.0145924243521183,/home/eecommu06/Documents/BT/Chili_CrossDataset/results/baselines/mobilenet_v3_small/pairwise/A_to_C/seed_42/metrics.json,A,C,0.0
baselines,pairwise,C->B,,,,mobilenet_v3_small,42,cuda,True,4,cercospora_leaf_spot|healthy|nutrient_deficiency|powdery_mildew,1491,166,5074,1521956,1521956,20,0.8425948012984459,123.59578004898503,319.13720703125,0.38470634607804494,0.42760344595728844,0.3707269618286113,0.42760344595728844,0.351824815098971,0.7960815435332851,0.21059925318295894,,1.681608777376091,/home/eecommu06/Documents/BT/Chili_CrossDataset/results/baselines/mobilenet_v3_small/pairwise/C_to_B/seed_42/metrics.json,C,B,0.0
baselines,pairwise,A->B,,,,mobilenet_v3_small,42,cuda,True,5,bacterial_spot|cercospora_leaf_spot|curl_virus|healthy|nutrient_deficiency,1482,165,7093,1522981,1522981,3,1.0,173.33408117102226,319.68701171875,0.41322430565346113,0.4468701393157584,0.4202969880804816,0.4468701393157584,0.34137855094348446,0.8554595725899361,0.3116458504264687,,1.6430537199920363,/home/eecommu06/Documents/BT/Chili_CrossDataset/results/baselines/mobilenet_v3_small/pairwise/A_to_B/seed_42/metrics.json,A,B,0.0
baselines,within_cv,B_within,B,5.0,5.0,mobilenet_v3_small,46,cuda,True,6,bacterial_spot|cercospora_leaf_spot|curl_virus|healthy|nutrient_deficiency|powdery_mildew,5714,635,1587,1524006,1524006,12,0.9901545942512268,780.6860751270033,331.96044921875,0.9873976055450535,0.9875654036970672,0.9892239934922862,0.9875654036970672,0.9883367119376084,0.9973939854611554,0.984774741523579,,0.4973916280269623,/home/eecommu06/Documents/BT/Chili_CrossDataset/results/baselines/mobilenet_v3_small/within_cv/B_within/seed_46/fold_05/metrics.json,,,
baselines,within_cv,B_within,B,3.0,5.0,mobilenet_v3_small,44,cuda,True,6,bacterial_spot|cercospora_leaf_spot|curl_virus|healthy|nutrient_deficiency|powdery_mildew,5714,635,1587,1524006,1524006,6,0.9829182992333593,554.3164442039997,324.27587890625,0.9773156899810964,0.978054642505418,0.9802092422166994,0.978054642505418,0.9789641703736168,0.9953297713769489,0.972606828862301,,0.5203443801403046,/home/eecommu06/Documents/BT/Chili_CrossDataset/results/baselines/mobilenet_v3_small/within_cv/B_within/seed_44/fold_03/metrics.json,,,
baselines,within_cv,B_within,B,2.0,5.0,mobilenet_v3_small,43,cuda,True,6,bacterial_spot|cercospora_leaf_spot|curl_virus|healthy|nutrient_deficiency|powdery_mildew,5714,635,1587,1524006,1524006,22,0.9841625550896981,1228.7501144829985,319.68310546875,0.9848771266540642,0.9863503058179172,0.9860404957333962,0.9863503058179172,0.9861766473694252,0.9969173631816445,0.9816731350730787,,0.49382098138332364,/home/eecommu06/Documents/BT/Chili_CrossDataset/results/baselines/mobilenet_v3_small/within_cv/B_within/seed_43/fold_02/metrics.json,,,
baselines,within_cv,B_within,B,4.0,5.0,mobilenet_v3_small,45,cuda,True,6,bacterial_spot|cercospora_leaf_spot|curl_virus|healthy|nutrient_deficiency|powdery_mildew,5714,635,1587,1524006,1524006,14,0.9881755053635478,854.384309598001,324.27587890625,0.9873976055450535,0.9886604867076866,0.9889171638106292,0.9886604867076866,0.9887455592508342,0.9974019435702814,0.9846779977067502,,0.4919851404428482,/home/eecommu06/Documents/BT/Chili_CrossDataset/results/baselines/mobilenet_v3_small/within_cv/B_within/seed_45/fold_04/metrics.json,,,
baselines,within_cv,B_within,B,1.0,5.0,mobilenet_v3_small,42,cuda,True,6,bacterial_spot|cercospora_leaf_spot|curl_virus|healthy|nutrient_deficiency|powdery_mildew,5713,635,1588,1524006,1524006,8,0.9927352824266348,685.698557036998,318.34521484375,0.9785894206549118,0.9791165467865338,0.981557053216405,0.9791165467865338,0.9802359548389278,0.9955665091463165,0.974073555694456,,0.5091834688186645,/home/eecommu06/Documents/BT/Chili_CrossDataset/results/baselines/mobilenet_v3_small/within_cv/B_within/seed_42/fold_01/metrics.json,,,
baselines,within_cv,C_within,C,5.0,5.0,mobilenet_v3_small,46,cuda,True,4,cercospora_leaf_spot|healthy|nutrient_deficiency|powdery_mildew,1193,133,331,1521956,1521956,20,0.7924853362792288,52.17519421900215,337.40478515625,0.824773413897281,0.8097227110739584,0.8132229042546789,0.8097227110739584,0.8032541899513362,0.923465659221718,0.7090886092980792,,0.930881987918507,/home/eecommu06/Documents/BT/Chili_CrossDataset/results/baselines/mobilenet_v3_small/within_cv/C_within/seed_46/fold_05/metrics.json,,,
baselines,within_cv,C_within,C,3.0,5.0,mobilenet_v3_small,44,cuda,True,4,cercospora_leaf_spot|healthy|nutrient_deficiency|powdery_mildew,1192,133,332,1521956,1521956,14,0.8107897664071191,42.43697985200197,336.70947265625,0.7891566265060241,0.7919242098312622,0.8051096106803157,0.7919242098312622,0.7826370525251283,0.9150857858813187,0.667684466293834,,1.0410068468614058,/home/eecommu06/Documents/BT/Chili_CrossDataset/results/baselines/mobilenet_v3_small/within_cv/C_within/seed_44/fold_03/metrics.json,,,
baselines,within_cv,C_within,C,2.0,5.0,mobilenet_v3_small,43,cuda,True,4,cercospora_leaf_spot|healthy|nutrient_deficiency|powdery_mildew,1193,133,331,1521956,1521956,18,0.8498376623376623,90.39339306499824,329.96435546875,0.8429003021148036,0.8434442083737859,0.8403122158740136,0.8434442083737859,0.8413959829453841,0.9351279692019029,0.7538527195987159,0.9539179885011936,0.8935827761888504,/home/eecommu06/Documents/BT/Chili_CrossDataset/results/baselines/mobilenet_v3_small/within_cv/C_within/seed_43/fold_02/metrics.json,,,
baselines,within_cv,C_within,C,4.0,5.0,mobilenet_v3_small,45,cuda,True,4,cercospora_leaf_spot|healthy|nutrient_deficiency|powdery_mildew,1193,133,331,1521956,1521956,16,0.8184529632346947,45.89350094100155,337.40478515625,0.7945619335347432,0.7854601919819311,0.7960668541825578,0.7854601919819311,0.7865000842700078,0.9186187239230883,0.692691822825898,,1.0089522031220524,/home/eecommu06/Documents/BT/Chili_CrossDataset/results/baselines/mobilenet_v3_small/within_cv/C_within/seed_45/fold_04/metrics.json,,,
baselines,within_cv,C_within,C,1.0,5.0,mobilenet_v3_small,42,cuda,True,4,cercospora_leaf_spot|healthy|nutrient_deficiency|powdery_mildew,1192,133,332,1521956,1521956,27,0.8094907407407407,111.07009977299822,331.53564453125,0.8132530120481928,0.7955525430067315,0.7923885519272966,0.7955525430067315,0.7937146814186827,0.9208612100032081,0.6923203457462233,,0.9345888522538272,/home/eecommu06/Documents/BT/Chili_CrossDataset/results/baselines/mobilenet_v3_small/within_cv/C_within/seed_42/fold_01/metrics.json,,,
baselines,within_cv,A_within,A,5.0,5.0,mobilenet_v3_small,46,cuda,True,5,bacterial_spot|cercospora_leaf_spot|curl_virus|healthy|nutrient_deficiency,1186,132,329,1522981,1522981,4,1.0,61.37460300499879,319.43701171875,0.9878419452887538,0.9713920817369093,0.9754782254782255,0.9713920817369093,0.9733685468150662,0.9972151792284244,0.983861842290664,,0.6016767079179938,/home/eecommu06/Documents/BT/Chili_CrossDataset/results/baselines/mobilenet_v3_small/within_cv/A_within/seed_46/fold_05/metrics.json,,,
baselines,within_cv,A_within,A,3.0,5.0,mobilenet_v3_small,44,cuda,True,5,bacterial_spot|cercospora_leaf_spot|curl_virus|healthy|nutrient_deficiency,1186,132,329,1522981,1522981,3,1.0,97.44313892900027,319.57275390625,0.9848024316109423,0.977134238310709,0.9885057471264368,0.977134238310709,0.9821438055194236,0.9959249222121851,0.9805568610016148,,0.6590689014304768,/home/eecommu06/Documents/BT/Chili_CrossDataset/results/baselines/mobilenet_v3_small/within_cv/A_within/seed_44/fold_03/metrics.json,,,
baselines,within_cv,A_within,A,2.0,5.0,mobilenet_v3_small,43,cuda,True,5,bacterial_spot|cercospora_leaf_spot|curl_virus|healthy|nutrient_deficiency,1185,132,330,1522981,1522981,5,1.0,66.22001685099895,320.32568359375,1.0,1.0,1.0,1.0,1.0,1.0,1.0,,0.5769903063774109,/home/eecommu06/Documents/BT/Chili_CrossDataset/results/baselines/mobilenet_v3_small/within_cv/A_within/seed_43/fold_02/metrics.json,,,
baselines,within_cv,A_within,A,4.0,5.0,mobilenet_v3_small,45,cuda,True,5,bacterial_spot|cercospora_leaf_spot|curl_virus|healthy|nutrient_deficiency,1186,132,329,1522981,1522981,3,1.0,55.12359502500112,320.32568359375,0.993920972644377,0.987037037037037,0.9905925925925926,0.987037037037037,0.9887706660585136,0.9984681831269796,0.992006238530802,0.9999264164827079,0.599649965763092,/home/eecommu06/Documents/BT/Chili_CrossDataset/results/baselines/mobilenet_v3_small/within_cv/A_within/seed_45/fold_04/metrics.json,,,
baselines,within_cv,A_within,A,1.0,5.0,mobilenet_v3_small,42,cuda,True,5,bacterial_spot|cercospora_leaf_spot|curl_virus|healthy|nutrient_deficiency,1185,132,330,1522981,1522981,3,1.0,129.92457985999863,320.32568359375,0.9696969696969697,0.9424420024420025,0.9620634286538611,0.9424420024420025,0.9510937588046022,0.9922683572586312,0.9605406923864865,,0.6484632275321267,/home/eecommu06/Documents/BT/Chili_CrossDataset/results/baselines/mobilenet_v3_small/within_cv/A_within/seed_42/fold_01/metrics.json,,,
baselines,within_cv,B_within,B,5.0,5.0,densenet121,46,cuda,True,6,bacterial_spot|cercospora_leaf_spot|curl_virus|healthy|nutrient_deficiency|powdery_mildew,5714,635,1587,6960006,6960006,11,0.9912574333245309,751.6714884129979,2228.478515625,0.982356647763075,0.9837456256337506,0.9834366398889826,0.9837456256337506,0.9835544653495267,0.9964080825011331,0.9786743220246904,,0.5037240624427796,/home/eecommu06/Documents/BT/Chili_CrossDataset/results/baselines/densenet121/within_cv/B_within/seed_46/fold_05/metrics.json,,,
baselines,within_cv,B_within,B,3.0,5.0,densenet121,44,cuda,True,6,bacterial_spot|cercospora_leaf_spot|curl_virus|healthy|nutrient_deficiency|powdery_mildew,5714,635,1587,6960006,6960006,24,0.9900312706688704,1260.4438518519964,2228.478515625,0.9817265280403277,0.9824018753340794,0.9834810357639698,0.9824018753340794,0.9828389003548703,0.9962573868522964,0.9779161456491624,,0.5063113951683045,/home/eecommu06/Documents/BT/Chili_CrossDataset/results/baselines/densenet121/within_cv/B_within/seed_44/fold_03/metrics.json,,,
baselines,within_cv,B_within,B,2.0,5.0,densenet121,43,cuda,True,6,bacterial_spot|cercospora_leaf_spot|curl_virus|healthy|nutrient_deficiency|powdery_mildew,5714,635,1587,6960006,6960006,6,0.9828749882103156,595.3640865050038,2196.4892578125,0.9773156899810964,0.9798713625652969,0.9792484528004389,0.9798713625652969,0.9791946685655017,0.9953842338962171,0.9726664998959035,,0.5274752551317214,/home/eecommu06/Documents/BT/Chili_CrossDataset/results/baselines/densenet121/within_cv/B_within/seed_43/fold_02/metrics.json,,,
baselines,within_cv,B_within,B,4.0,5.0,densenet121,45,cuda,True,6,bacterial_spot|cercospora_leaf_spot|curl_virus|healthy|nutrient_deficiency|powdery_mildew,5714,635,1587,6960006,6960006,5,0.9850472721257127,518.4173156860052,2228.478515625,0.9779458097038437,0.9810207919126192,0.9805913514120718,0.9810207919126192,0.9806054636762997,0.995464947069807,0.9732536495852069,,0.517155591249466,/home/eecommu06/Documents/BT/Chili_CrossDataset/results/baselines/densenet121/within_cv/B_within/seed_45/fold_04/metrics.json,,,
baselines,within_cv,B_within,B,1.0,5.0,densenet121,42,cuda,True,6,bacterial_spot|cercospora_leaf_spot|curl_virus|healthy|nutrient_deficiency|powdery_mildew,5713,635,1588,6960006,6960006,6,0.9942760601000787,581.5787484690009,2226.580078125,0.9767002518891688,0.9781924432820613,0.9798700062793406,0.9781924432820613,0.9788021304297718,0.995185134002166,0.9718880036901782,,0.5170961028337479,/home/eecommu06/Documents/BT/Chili_CrossDataset/results/baselines/densenet121/within_cv/B_within/seed_42/fold_01/metrics.json,,,
baselines,within_cv,C_within,C,5.0,5.0,densenet121,46,cuda,True,4,cercospora_leaf_spot|healthy|nutrient_deficiency|powdery_mildew,1193,133,331,6957956,6957956,8,0.848592132505176,48.73456778599939,2202.251953125,0.8157099697885196,0.7965090486456362,0.7944815206141107,0.7965090486456362,0.7901994460213639,0.9231014371075369,0.6961232371783211,,0.9995378960262645,/home/eecommu06/Documents/BT/Chili_CrossDataset/results/baselines/densenet121/within_cv/C_within/seed_46/fold_05/metrics.json,,,
baselines,within_cv,C_within,C,3.0,5.0,densenet121,44,cuda,True,4,cercospora_leaf_spot|healthy|nutrient_deficiency|powdery_mildew,1192,133,332,6957956,6957956,8,0.8480149716055756,48.29143131300225,2229.712890625,0.822289156626506,0.8261412115490763,0.8352976568392834,0.8261412115490763,0.8261601135947114,0.9262717700433117,0.7153381379972292,,0.9635712775317106,/home/eecommu06/Documents/BT/Chili_CrossDataset/results/baselines/densenet121/within_cv/C_within/seed_44/fold_03/metrics.json,,,
baselines,within_cv,C_within,C,2.0,5.0,densenet121,43,cuda,True,4,cercospora_leaf_spot|healthy|nutrient_deficiency|powdery_mildew,1193,133,331,6957956,6957956,14,0.879251700680272,75.24341635499877,2224.849609375,0.8580060422960725,0.8611803220253924,0.8694165471066475,0.8611803220253924,0.8636424587951123,0.9431520540391508,0.7801646631906406,,0.8790922164916992,/home/eecommu06/Documents/BT/Chili_CrossDataset/results/baselines/densenet121/within_cv/C_within/seed_43/fold_02/metrics.json,,,
baselines,within_cv,C_within,C,4.0,5.0,densenet121,45,cuda,True,4,cercospora_leaf_spot|healthy|nutrient_deficiency|powdery_mildew,1193,133,331,6957956,6957956,33,0.911919587262053,120.81803543699789,2229.712890625,0.8277945619335347,0.8308770939205723,0.827251552795031,0.8308770939205723,0.8260884883309836,0.9336476074052005,0.7452410573581586,,0.9386995136737823,/home/eecommu06/Documents/BT/Chili_CrossDataset/results/baselines/densenet121/within_cv/C_within/seed_45/fold_04/metrics.json,,,
baselines,within_cv,C_within,C,1.0,5.0,densenet121,42,cuda,True,4,cercospora_leaf_spot|healthy|nutrient_deficiency|powdery_mildew,1192,133,332,6957956,6957956,21,0.8642990995932173,90.78849112400349,2224.888671875,0.8433734939759037,0.8207273747195214,0.8392174659834181,0.8207273747195214,0.8251773936341141,0.9331059204440333,0.7419918357319634,,0.938094596971165,/home/eecommu06/Documents/BT/Chili_CrossDataset/results/baselines/densenet121/within_cv/C_within/seed_42/fold_01/metrics.json,,,
baselines,within_cv,A_within,A,5.0,5.0,densenet121,46,cuda,True,5,bacterial_spot|cercospora_leaf_spot|curl_virus|healthy|nutrient_deficiency,1186,132,329,6958981,6958981,4,1.0,61.60618567500205,2229.736328125,0.993920972644377,0.9905307369224895,0.9913333333333334,0.9905307369224895,0.9907952900301851,0.998463768115942,0.9919534899174727,,0.5841580575162714,/home/eecommu06/Documents/BT/Chili_CrossDataset/results/baselines/densenet121/within_cv/A_within/seed_46/fold_05/metrics.json,,,
baselines,within_cv,A_within,A,3.0,5.0,densenet121,44,cuda,True,5,bacterial_spot|cercospora_leaf_spot|curl_virus|healthy|nutrient_deficiency,1186,132,329,6958981,6958981,1,1.0,52.287995218001015,2223.802734375,0.9969604863221885,0.9944444444444445,0.9949999999999999,0.9944444444444445,0.9946514530219289,0.9993103448275862,0.9960910510662325,,0.6160647733645006,/home/eecommu06/Documents/BT/Chili_CrossDataset/results/baselines/densenet121/within_cv/A_within/seed_44/fold_03/metrics.json,,,
baselines,within_cv,A_within,A,2.0,5.0,densenet121,43,cuda,True,5,bacterial_spot|cercospora_leaf_spot|curl_virus|healthy|nutrient_deficiency,1185,132,330,6958981,6958981,11,1.0,100.74401155400119,2196.974609375,0.996969696969697,0.9923076923076923,0.9944444444444445,0.9923076923076923,0.9932615299640982,0.9993220338983051,0.9960289752698104,,0.561695472760634,/home/eecommu06/Documents/BT/Chili_CrossDataset/results/baselines/densenet121/within_cv/A_within/seed_43/fold_02/metrics.json,,,
baselines,within_cv,A_within,A,4.0,5.0,densenet121,45,cuda,True,5,bacterial_spot|cercospora_leaf_spot|curl_virus|healthy|nutrient_deficiency,1186,132,329,6958981,6958981,3,1.0,57.29615265600296,2202.072265625,0.993920972644377,0.9888888888888889,0.9862068965517242,0.9888888888888889,0.9871428571428572,0.9986754966887418,0.992049999778954,,0.5907347662882372,/home/eecommu06/Documents/BT/Chili_CrossDataset/results/baselines/densenet121/within_cv/A_within/seed_45/fold_04/metrics.json,,,
baselines,within_cv,A_within,A,1.0,5.0,densenet121,42,cuda,True,5,bacterial_spot|cercospora_leaf_spot|curl_virus|healthy|nutrient_deficiency,1185,132,330,6958981,6958981,3,1.0,73.48424877400248,2199.935546875,0.9727272727272728,0.9498168498168498,0.949364613880743,0.9498168498168498,0.9471884999753852,0.9938366170527745,0.9647775657289109,,0.6504439061338251,/home/eecommu06/Documents/BT/Chili_CrossDataset/results/baselines/densenet121/within_cv/A_within/seed_42/fold_01/metrics.json,,,
baselines,pairwise,C->A,,,,shufflenet_v2_x1_0,42,cuda,True,3,cercospora_leaf_spot|healthy|nutrient_deficiency,1345,150,1077,1256679,1256679,10,0.7157578546412046,62.07211739901686,395.08935546875,0.6787372330547818,0.6725633056637425,0.7285665466755228,0.6725633056637425,0.6725301805153734,0.8260648260248632,0.5155289800198674,,1.0172863155603409,/home/eecommu06/Documents/BT/Chili_CrossDataset/results/baselines/shufflenet_v2_x1_0/pairwise/C_to_A/seed_42/metrics.json,C,A,0.0
baselines,pairwise,B->A,,,,shufflenet_v2_x1_0,42,cuda,True,5,bacterial_spot|cercospora_leaf_spot|curl_virus|healthy|nutrient_deficiency,6383,710,1647,1258729,1258729,19,0.9891209515555129,1280.5929112510057,393.41845703125,0.48451730418943534,0.4802235019065696,0.46663169043758457,0.4802235019065696,0.3865616147540861,0.8678257354092744,0.38797709690552545,,1.5004148890192692,/home/eecommu06/Documents/BT/Chili_CrossDataset/results/baselines/shufflenet_v2_x1_0/pairwise/B_to_A/seed_42/metrics.json,B,A,0.0
baselines,pairwise,A->C,,,,shufflenet_v2_x1_0,42,cuda,True,3,cercospora_leaf_spot|healthy|nutrient_deficiency,969,108,1495,1256679,1256679,3,1.0,62.369568135996815,393.05322265625,0.5785953177257525,0.38041564708695846,0.4463629227023757,0.38041564708695846,0.371715901648818,0.6920744196323839,0.1025656708880534,,1.0808888578668554,/home/eecommu06/Documents/BT/Chili_CrossDataset/results/baselines/shufflenet_v2_x1_0/pairwise/A_to_C/seed_42/metrics.json,A,C,0.0
baselines,pairwise,A->B,,,,shufflenet_v2_x1_0,42,cuda,True,5,bacterial_spot|cercospora_leaf_spot|curl_virus|healthy|nutrient_deficiency,1482,165,7093,1258729,1258729,7,1.0,160.81919097399805,394.43115234375,0.46073593683913716,0.48834952439868146,0.6668167743943709,0.48834952439868146,0.3934086639042903,0.8666964776694466,0.37971155895279723,,1.6850148459544052,/home/eecommu06/Documents/BT/Chili_CrossDataset/results/baselines/shufflenet_v2_x1_0/pairwise/A_to_B/seed_42/metrics.json,A,B,0.0
baselines,within_cv,B_within,B,5.0,5.0,shufflenet_v2_x1_0,46,cuda,True,6,bacterial_spot|cercospora_leaf_spot|curl_virus|healthy|nutrient_deficiency|powdery_mildew,5714,635,1587,1259754,1259754,12,0.9913551161521208,781.9395914440029,395.47314453125,0.980466288594833,0.9824415612999101,0.9824176686851626,0.9824415612999101,0.9823207953755014,0.9960026620785003,0.9764209111558593,,0.5012571883201599,/home/eecommu06/Documents/BT/Chili_CrossDataset/results/baselines/shufflenet_v2_x1_0/within_cv/B_within/seed_46/fold_05/metrics.json,,,
baselines,within_cv,B_within,B,3.0,5.0,shufflenet_v2_x1_0,44,cuda,True,6,bacterial_spot|cercospora_leaf_spot|curl_virus|healthy|nutrient_deficiency|powdery_mildew,5714,635,1587,1259754,1259754,12,0.985727148016012,785.8341687009997,395.47314453125,0.980466288594833,0.9811991315804346,0.9819529542881801,0.9811991315804346,0.9815031764097902,0.9959931321343092,0.97636593972118,,0.5108460140228271,/home/eecommu06/Documents/BT/Chili_CrossDataset/results/baselines/shufflenet_v2_x1_0/within_cv/B_within/seed_44/fold_03/metrics.json,,,
baselines,within_cv,B_within,B,2.0,5.0,shufflenet_v2_x1_0,43,cuda,True,6,bacterial_spot|cercospora_leaf_spot|curl_virus|healthy|nutrient_deficiency|powdery_mildew,5714,635,1587,1259754,1259754,12,0.9815994825023663,815.7857279009986,394.41162109375,0.9810964083175804,0.9820204820057342,0.9831012485019879,0.9820204820057342,0.9824795783969935,0.9961176283149188,0.9771069641238723,,0.5060886526107788,/home/eecommu06/Documents/BT/Chili_CrossDataset/results/baselines/shufflenet_v2_x1_0/within_cv/B_within/seed_43/fold_02/metrics.json,,,
baselines,within_cv,B_within,B,4.0,5.0,shufflenet_v2_x1_0,45,cuda,True,6,bacterial_spot|cercospora_leaf_spot|curl_virus|healthy|nutrient_deficiency|powdery_mildew,5714,635,1587,1259754,1259754,4,0.9844648510818034,478.503934499,395.47314453125,0.980466288594833,0.9830478033556019,0.9826630317609032,0.9830478033556019,0.9826946497262541,0.9959800455928022,0.9763136566092264,,0.5143026578426361,/home/eecommu06/Documents/BT/Chili_CrossDataset/results/baselines/shufflenet_v2_x1_0/within_cv/B_within/seed_45/fold_04/metrics.json,,,
baselines,within_cv,B_within,B,1.0,5.0,shufflenet_v2_x1_0,42,cuda,True,6,bacterial_spot|cercospora_leaf_spot|curl_virus|healthy|nutrient_deficiency|powdery_mildew,5713,635,1588,1259754,1259754,7,0.9917013099865111,623.8237451919995,393.63525390625,0.9861460957178841,0.9859641434086283,0.9877028033997516,0.9859641434086283,0.9867731406503305,0.9971429685096611,0.983219488439781,,0.494614754319191,/home/eecommu06/Documents/BT/Chili_CrossDataset/results/baselines/shufflenet_v2_x1_0/within_cv/B_within/seed_42/fold_01/metrics.json,,,
baselines,within_cv,C_within,C,5.0,5.0,shufflenet_v2_x1_0,46,cuda,True,4,cercospora_leaf_spot|healthy|nutrient_deficiency|powdery_mildew,1193,133,331,1257704,1257704,18,0.8482565011820331,49.67851503899874,392.85302734375,0.7885196374622356,0.7824530335694487,0.7425699426111908,0.7824530335694487,0.7594729608156737,0.9180269258072794,0.6611026927405036,,1.044361641461199,/home/eecommu06/Documents/BT/Chili_CrossDataset/results/baselines/shufflenet_v2_x1_0/within_cv/C_within/seed_46/fold_05/metrics.json,,,
baselines,within_cv,C_within,C,3.0,5.0,shufflenet_v2_x1_0,44,cuda,True,4,cercospora_leaf_spot|healthy|nutrient_deficiency|powdery_mildew,1192,133,332,1257704,1257704,27,0.8255282127765349,66.74138915599906,399.615234375,0.8012048192771084,0.80408206560709,0.8123313716552438,0.80408206560709,0.8063181550250516,0.9173057838314553,0.6795279182033982,,1.0176883014765652,/home/eecommu06/Documents/BT/Chili_CrossDataset/results/baselines/shufflenet_v2_x1_0/within_cv/C_within/seed_44/fold_03/metrics.json,,,
baselines,within_cv,C_within,C,2.0,5.0,shufflenet_v2_x1_0,43,cuda,True,4,cercospora_leaf_spot|healthy|nutrient_deficiency|powdery_mildew,1193,133,331,1257704,1257704,7,0.8155648250278494,43.25749216300028,398.427734375,0.8126888217522659,0.8430003916271521,0.7895908582731339,0.8430003916271521,0.8125935287870009,0.9321080200139521,0.7214478340542594,,0.9373502893881365,/home/eecommu06/Documents/BT/Chili_CrossDataset/results/baselines/shufflenet_v2_x1_0/within_cv/C_within/seed_43/fold_02/metrics.json,,,
baselines,within_cv,C_within,C,4.0,5.0,shufflenet_v2_x1_0,45,cuda,True,4,cercospora_leaf_spot|healthy|nutrient_deficiency|powdery_mildew,1193,133,331,1257704,1257704,20,0.7836629001883239,53.94266911700106,399.052734375,0.7824773413897281,0.7825828157349897,0.7804088147461641,0.7825828157349897,0.7764674130983353,0.9145043531852791,0.6766173215211687,,1.003504295240749,/home/eecommu06/Documents/BT/Chili_CrossDataset/results/baselines/shufflenet_v2_x1_0/within_cv/C_within/seed_45/fold_04/metrics.json,,,
baselines,within_cv,C_within,C,1.0,5.0,shufflenet_v2_x1_0,42,cuda,True,4,cercospora_leaf_spot|healthy|nutrient_deficiency|powdery_mildew,1192,133,332,1257704,1257704,33,0.809020979020979,92.42244655700051,397.953125,0.7951807228915663,0.775018698578908,0.7765067938170033,0.775018698578908,0.7728068848916845,0.9127413512242374,0.6631415008207256,,1.01347055895762,/home/eecommu06/Documents/BT/Chili_CrossDataset/results/baselines/shufflenet_v2_x1_0/within_cv/C_within/seed_42/fold_01/metrics.json,,,
baselines,within_cv,A_within,A,5.0,5.0,shufflenet_v2_x1_0,46,cuda,True,5,bacterial_spot|cercospora_leaf_spot|curl_virus|healthy|nutrient_deficiency,1186,132,329,1258729,1258729,4,1.0,60.30920299399804,394.34326171875,0.9908814589665653,0.9884688812523864,0.9796893667861409,0.9884688812523864,0.9838425925925925,0.9980044150110375,0.9879641628760258,,0.6207927844741128,/home/eecommu06/Documents/BT/Chili_CrossDataset/results/baselines/shufflenet_v2_x1_0/within_cv/A_within/seed_46/fold_05/metrics.json,,,
baselines,within_cv,A_within,A,3.0,5.0,shufflenet_v2_x1_0,44,cuda,True,5,bacterial_spot|cercospora_leaf_spot|curl_virus|healthy|nutrient_deficiency,1186,132,329,1258729,1258729,3,1.0,74.60331547299938,393.16748046875,0.993920972644377,0.9921188630490956,0.9926190476190477,0.9921188630490956,0.9922842575882349,0.998497336697505,0.9921822864864163,,0.7589561343193054,/home/eecommu06/Documents/BT/Chili_CrossDataset/results/baselines/shufflenet_v2_x1_0/within_cv/A_within/seed_44/fold_03/metrics.json,,,
baselines,within_cv,A_within,A,2.0,5.0,shufflenet_v2_x1_0,43,cuda,True,5,bacterial_spot|cercospora_leaf_spot|curl_virus|healthy|nutrient_deficiency,1185,132,330,1258729,1258729,6,1.0,67.00068426299913,392.84130859375,0.996969696969697,0.9923076923076923,0.9944444444444445,0.9923076923076923,0.9932615299640982,0.9993220338983051,0.9960289752698104,,0.5786495669321581,/home/eecommu06/Documents/BT/Chili_CrossDataset/results/baselines/shufflenet_v2_x1_0/within_cv/A_within/seed_43/fold_02/metrics.json,,,
baselines,within_cv,A_within,A,4.0,5.0,shufflenet_v2_x1_0,45,cuda,True,5,bacterial_spot|cercospora_leaf_spot|curl_virus|healthy|nutrient_deficiency,1186,132,329,1258729,1258729,15,1.0,118.3462400699973,395.45361328125,0.9969604863221885,0.9925925925925926,0.9978947368421054,0.9925925925925926,0.9951682140361384,0.9991489361702127,0.9960091993430922,0.9998528329654157,0.5682944763790477,/home/eecommu06/Documents/BT/Chili_CrossDataset/results/baselines/shufflenet_v2_x1_0/within_cv/A_within/seed_45/fold_04/metrics.json,,,
baselines,within_cv,A_within,A,1.0,5.0,shufflenet_v2_x1_0,42,cuda,True,5,bacterial_spot|cercospora_leaf_spot|curl_virus|healthy|nutrient_deficiency,1185,132,330,1258729,1258729,5,1.0,96.74751808700239,393.61572265625,0.990909090909091,0.9805860805860807,0.9906164757228588,0.9805860805860807,0.9853138498299788,0.9976320425077247,0.988169902103652,,0.5975290184671228,/home/eecommu06/Documents/BT/Chili_CrossDataset/results/baselines/shufflenet_v2_x1_0/within_cv/A_within/seed_42/fold_01/metrics.json,,,
