path,dataset_id,y_true_idx,y_pred_idx,y_true,y_pred,prob_cercospora_leaf_spot,prob_healthy,prob_nutrient_deficiency,prob_powdery_mildew
/home/eecommu06/Documents/BT/Chili_CrossDataset/data/raw/dataset_C_cold_india/chilli dataset/resized_raw images/resized_raw images/cerocospora/IMG_3574.JPG,C,0,1,cercospora_leaf_spot,healthy,0.05948,0.801,0.06024,0.0795
/home/eecommu06/Documents/BT/Chili_CrossDataset/data/raw/dataset_C_cold_india/chilli dataset/resized_raw images/resized_raw images/cerocospora/IMG_3591.JPG,C,0,0,cercospora_leaf_spot,cercospora_leaf_spot,0.8135,0.03613,0.05066,0.09985
/home/eecommu06/Documents/BT/Chili_CrossDataset/data/raw/dataset_C_cold_india/chilli dataset/resized_raw images/resized_raw images/cerocospora/IMG_3605.JPG,C,0,0,cercospora_leaf_spot,cercospora_leaf_spot,0.77,0.0646,0.06573,0.0996
/home/eecommu06/Documents/BT/Chili_CrossDataset/data/raw/dataset_C_cold_india/chilli dataset/resized_raw images/resized_raw images/cerocospora/IMG_3924.JPG,C,0,0,cercospora_leaf_spot,cercospora_leaf_spot,0.781,0.0397,0.0702,0.1093
/home/eecommu06/Documents/BT/Chili_CrossDataset/data/raw/dataset_C_cold_india/chilli dataset/resized_raw images/resized_raw images/cerocospora/IMG_3928.JPG,C,0,0,cercospora_leaf_spot,cercospora_leaf_spot,0.738,0.0448,0.1131,0.1041
/home/eecommu06/Documents/BT/Chili_CrossDataset/data/raw/dataset_C_cold_india/chilli dataset/resized_raw images/resized_raw images/cerocospora/IMG_3930.JPG,C,0,0,cercospora_leaf_spot,cercospora_leaf_spot,0.801,0.03732,0.0632,0.0987
/home/eecommu06/Documents/BT/Chili_CrossDataset/data/raw/dataset_C_cold_india/chilli dataset/resized_raw images/resized_raw images/cerocospora/IMG_3931.JPG,C,0,0,cercospora_leaf_spot,cercospora_leaf_spot,0.799,0.04163,0.05466,0.10486
/home/eecommu06/Documents/BT/Chili_CrossDataset/data/raw/dataset_C_cold_india/chilli dataset/resized_raw images/resized_raw images/cerocospora/IMG_3932.JPG,C,0,0,cercospora_leaf_spot,cercospora_leaf_spot,0.7886,0.04068,0.06964,0.1013
/home/eecommu06/Documents/BT/Chili_CrossDataset/data/raw/dataset_C_cold_india/chilli dataset/resized_raw images/resized_raw images/cerocospora/IMG_3936.JPG,C,0,2,cercospora_leaf_spot,nutrient_deficiency,0.1465,0.1832,0.5923,0.07806
/home/eecommu06/Documents/BT/Chili_CrossDataset/data/raw/dataset_C_cold_india/chilli dataset/resized_raw images/resized_raw images/cerocospora/IMG_4028.JPG,C,0,0,cercospora_leaf_spot,cercospora_leaf_spot,0.806,0.04227,0.0473,0.10425
/home/eecommu06/Documents/BT/Chili_CrossDataset/data/raw/dataset_C_cold_india/chilli dataset/resized_raw images/resized_raw images/cerocospora/IMG_4029.JPG,C,0,0,cercospora_leaf_spot,cercospora_leaf_spot,0.7964,0.044,0.05984,0.0998
/home/eecommu06/Documents/BT/Chili_CrossDataset/data/raw/dataset_C_cold_india/chilli dataset/resized_raw images/resized_raw images/cerocospora/IMG_4031.JPG,C,0,0,cercospora_leaf_spot,cercospora_leaf_spot,0.797,0.04013,0.0557,0.1073
/home/eecommu06/Documents/BT/Chili_CrossDataset/data/raw/dataset_C_cold_india/chilli dataset/resized_raw images/resized_raw images/cerocospora/IMG_4033.JPG,C,0,0,cercospora_leaf_spot,cercospora_leaf_spot,0.8096,0.04047,0.04672,0.1034
/home/eecommu06/Documents/BT/Chili_CrossDataset/data/raw/dataset_C_cold_india/chilli dataset/resized_raw images/resized_raw images/cerocospora/IMG_4037.JPG,C,0,0,cercospora_leaf_spot,cercospora_leaf_spot,0.7456,0.05884,0.0846,0.1109
/home/eecommu06/Documents/BT/Chili_CrossDataset/data/raw/dataset_C_cold_india/chilli dataset/resized_raw images/resized_raw images/cerocospora/IMG_4038.JPG,C,0,0,cercospora_leaf_spot,cercospora_leaf_spot,0.8105,0.0372,0.05264,0.0998
/home/eecommu06/Documents/BT/Chili_CrossDataset/data/raw/dataset_C_cold_india/chilli dataset/resized_raw images/resized_raw images/cerocospora/IMG_4044.JPG,C,0,0,cercospora_leaf_spot,cercospora_leaf_spot,0.8003,0.0443,0.04758,0.1079
/home/eecommu06/Documents/BT/Chili_CrossDataset/data/raw/dataset_C_cold_india/chilli dataset/resized_raw images/resized_raw images/cerocospora/IMG_4047.JPG,C,0,0,cercospora_leaf_spot,cercospora_leaf_spot,0.7944,0.04596,0.0497,0.10986
/home/eecommu06/Documents/BT/Chili_CrossDataset/data/raw/dataset_C_cold_india/chilli dataset/resized_raw images/resized_raw images/cerocospora/IMG_4048.JPG,C,0,0,cercospora_leaf_spot,cercospora_leaf_spot,0.8027,0.0484,0.04755,0.1015
/home/eecommu06/Documents/BT/Chili_CrossDataset/data/raw/dataset_C_cold_india/chilli dataset/resized_raw images/resized_raw images/cerocospora/IMG_4055.JPG,C,0,0,cercospora_leaf_spot,cercospora_leaf_spot,0.807,0.0486,0.04446,0.0998
/home/eecommu06/Documents/BT/Chili_CrossDataset/data/raw/dataset_C_cold_india/chilli dataset/resized_raw images/resized_raw images/cerocospora/IMG_4061.JPG,C,0,0,cercospora_leaf_spot,cercospora_leaf_spot,0.798,0.0549,0.04642,0.1006
/home/eecommu06/Documents/BT/Chili_CrossDataset/data/raw/dataset_C_cold_india/chilli dataset/resized_raw images/resized_raw images/cerocospora/IMG_4062.JPG,C,0,0,cercospora_leaf_spot,cercospora_leaf_spot,0.8203,0.0367,0.0451,0.09784
/home/eecommu06/Documents/BT/Chili_CrossDataset/data/raw/dataset_C_cold_india/chilli dataset/resized_raw images/resized_raw images/cerocospora/IMG_4064.JPG,C,0,0,cercospora_leaf_spot,cercospora_leaf_spot,0.824,0.03397,0.04138,0.10046
/home/eecommu06/Documents/BT/Chili_CrossDataset/data/raw/dataset_C_cold_india/chilli dataset/resized_raw images/resized_raw images/cerocospora/IMG_4072.JPG,C,0,0,cercospora_leaf_spot,cercospora_leaf_spot,0.788,0.06903,0.0471,0.0958
/home/eecommu06/Documents/BT/Chili_CrossDataset/data/raw/dataset_C_cold_india/chilli dataset/resized_raw images/resized_raw images/cerocospora/IMG_4084.JPG,C,0,0,cercospora_leaf_spot,cercospora_leaf_spot,0.8086,0.04645,0.04138,0.10345
/home/eecommu06/Documents/BT/Chili_CrossDataset/data/raw/dataset_C_cold_india/chilli dataset/resized_raw images/resized_raw images/cerocospora/IMG_4086.JPG,C,0,0,cercospora_leaf_spot,cercospora_leaf_spot,0.8076,0.04013,0.0485,0.10376
/home/eecommu06/Documents/BT/Chili_CrossDataset/data/raw/dataset_C_cold_india/chilli dataset/resized_raw images/resized_raw images/cerocospora/IMG_4087.JPG,C,0,0,cercospora_leaf_spot,cercospora_leaf_spot,0.8047,0.03857,0.05182,0.1047
/home/eecommu06/Documents/BT/Chili_CrossDataset/data/raw/dataset_C_cold_india/chilli dataset/resized_raw images/resized_raw images/cerocospora/IMG_4090.JPG,C,0,0,cercospora_leaf_spot,cercospora_leaf_spot,0.8003,0.05215,0.04233,0.1053
/home/eecommu06/Documents/BT/Chili_CrossDataset/data/raw/dataset_C_cold_india/chilli dataset/resized_raw images/resized_raw images/cerocospora/IMG_4093.JPG,C,0,0,cercospora_leaf_spot,cercospora_leaf_spot,0.796,0.05133,0.04477,0.10815
/home/eecommu06/Documents/BT/Chili_CrossDataset/data/raw/dataset_C_cold_india/chilli dataset/resized_raw images/resized_raw images/cerocospora/IMG_4102.JPG,C,0,0,cercospora_leaf_spot,cercospora_leaf_spot,0.8394,0.03084,0.03513,0.09485
/home/eecommu06/Documents/BT/Chili_CrossDataset/data/raw/dataset_C_cold_india/chilli dataset/resized_raw images/resized_raw images/cerocospora/IMG_4110.JPG,C,0,0,cercospora_leaf_spot,cercospora_leaf_spot,0.8057,0.046,0.04257,0.10583
/home/eecommu06/Documents/BT/Chili_CrossDataset/data/raw/dataset_C_cold_india/chilli dataset/resized_raw images/resized_raw images/cerocospora/IMG_4111.JPG,C,0,0,cercospora_leaf_spot,cercospora_leaf_spot,0.7974,0.04688,0.0459,0.1097
/home/eecommu06/Documents/BT/Chili_CrossDataset/data/raw/dataset_C_cold_india/chilli dataset/resized_raw images/resized_raw images/cerocospora/IMG_4112.JPG,C,0,0,cercospora_leaf_spot,cercospora_leaf_spot,0.804,0.04544,0.0472,0.1032
/home/eecommu06/Documents/BT/Chili_CrossDataset/data/raw/dataset_C_cold_india/chilli dataset/resized_raw images/resized_raw images/cerocospora/IMG_4113.JPG,C,0,0,cercospora_leaf_spot,cercospora_leaf_spot,0.8086,0.0396,0.049,0.10297
/home/eecommu06/Documents/BT/Chili_CrossDataset/data/raw/dataset_C_cold_india/chilli dataset/resized_raw images/resized_raw images/cerocospora/IMG_4118.JPG,C,0,0,cercospora_leaf_spot,cercospora_leaf_spot,0.7964,0.04797,0.05063,0.10474
/home/eecommu06/Documents/BT/Chili_CrossDataset/data/raw/dataset_C_cold_india/chilli dataset/resized_raw images/resized_raw images/cerocospora/IMG_4121.JPG,C,0,0,cercospora_leaf_spot,cercospora_leaf_spot,0.8037,0.05933,0.0434,0.0935
/home/eecommu06/Documents/BT/Chili_CrossDataset/data/raw/dataset_C_cold_india/chilli dataset/resized_raw images/resized_raw images/cerocospora/IMG_4122.JPG,C,0,0,cercospora_leaf_spot,cercospora_leaf_spot,0.7764,0.0866,0.04578,0.09125
/home/eecommu06/Documents/BT/Chili_CrossDataset/data/raw/dataset_C_cold_india/chilli dataset/resized_raw images/resized_raw images/cerocospora/IMG_4123.JPG,C,0,0,cercospora_leaf_spot,cercospora_leaf_spot,0.741,0.11786,0.05624,0.0845
/home/eecommu06/Documents/BT/Chili_CrossDataset/data/raw/dataset_C_cold_india/chilli dataset/resized_raw images/resized_raw images/cerocospora/IMG_4124.JPG,C,0,0,cercospora_leaf_spot,cercospora_leaf_spot,0.82,0.03983,0.04547,0.0951
/home/eecommu06/Documents/BT/Chili_CrossDataset/data/raw/dataset_C_cold_india/chilli dataset/resized_raw images/resized_raw images/cerocospora/IMG_4129.JPG,C,0,0,cercospora_leaf_spot,cercospora_leaf_spot,0.906,0.01994,0.02013,0.05405
/home/eecommu06/Documents/BT/Chili_CrossDataset/data/raw/dataset_C_cold_india/chilli dataset/resized_raw images/resized_raw images/cerocospora/IMG_4132.JPG,C,0,1,cercospora_leaf_spot,healthy,0.2347,0.6587,0.05157,0.05508
/home/eecommu06/Documents/BT/Chili_CrossDataset/data/raw/dataset_C_cold_india/chilli dataset/resized_raw images/resized_raw images/cerocospora/IMG_4136.JPG,C,0,1,cercospora_leaf_spot,healthy,0.1472,0.7344,0.04428,0.07385
/home/eecommu06/Documents/BT/Chili_CrossDataset/data/raw/dataset_C_cold_india/chilli dataset/resized_raw images/resized_raw images/cerocospora/IMG_4141.JPG,C,0,0,cercospora_leaf_spot,cercospora_leaf_spot,0.803,0.045,0.05563,0.09625
/home/eecommu06/Documents/BT/Chili_CrossDataset/data/raw/dataset_C_cold_india/chilli dataset/resized_raw images/resized_raw images/cerocospora/IMG_4143.JPG,C,0,0,cercospora_leaf_spot,cercospora_leaf_spot,0.79,0.04153,0.06464,0.1039
/home/eecommu06/Documents/BT/Chili_CrossDataset/data/raw/dataset_C_cold_india/chilli dataset/resized_raw images/resized_raw images/cerocospora/IMG_4150.JPG,C,0,0,cercospora_leaf_spot,cercospora_leaf_spot,0.815,0.03683,0.0462,0.1022
/home/eecommu06/Documents/BT/Chili_CrossDataset/data/raw/dataset_C_cold_india/chilli dataset/resized_raw images/resized_raw images/cerocospora/IMG_4154.JPG,C,0,0,cercospora_leaf_spot,cercospora_leaf_spot,0.838,0.02817,0.03687,0.09717
/home/eecommu06/Documents/BT/Chili_CrossDataset/data/raw/dataset_C_cold_india/chilli dataset/resized_raw images/resized_raw images/cerocospora/IMG_4155.JPG,C,0,0,cercospora_leaf_spot,cercospora_leaf_spot,0.775,0.0908,0.04343,0.09094
/home/eecommu06/Documents/BT/Chili_CrossDataset/data/raw/dataset_C_cold_india/chilli dataset/resized_raw images/resized_raw images/cerocospora/IMG_4158.JPG,C,0,0,cercospora_leaf_spot,cercospora_leaf_spot,0.797,0.05142,0.0492,0.1026
/home/eecommu06/Documents/BT/Chili_CrossDataset/data/raw/dataset_C_cold_india/chilli dataset/resized_raw images/resized_raw images/cerocospora/IMG_4162.JPG,C,0,0,cercospora_leaf_spot,cercospora_leaf_spot,0.8154,0.04807,0.0422,0.0942
/home/eecommu06/Documents/BT/Chili_CrossDataset/data/raw/dataset_C_cold_india/chilli dataset/resized_raw images/resized_raw images/cerocospora/IMG_4169.JPG,C,0,0,cercospora_leaf_spot,cercospora_leaf_spot,0.8027,0.05368,0.04602,0.0974
/home/eecommu06/Documents/BT/Chili_CrossDataset/data/raw/dataset_C_cold_india/chilli dataset/resized_raw images/resized_raw images/cerocospora/IMG_4209.JPG,C,0,0,cercospora_leaf_spot,cercospora_leaf_spot,0.697,0.1096,0.076,0.11786
/home/eecommu06/Documents/BT/Chili_CrossDataset/data/raw/dataset_C_cold_india/chilli dataset/resized_raw images/resized_raw images/cerocospora/IMG_4210.JPG,C,0,0,cercospora_leaf_spot,cercospora_leaf_spot,0.7715,0.0566,0.066,0.10596
/home/eecommu06/Documents/BT/Chili_CrossDataset/data/raw/dataset_C_cold_india/chilli dataset/resized_raw images/resized_raw images/cerocospora/IMG_4227.JPG,C,0,0,cercospora_leaf_spot,cercospora_leaf_spot,0.8022,0.04483,0.05963,0.0931
/home/eecommu06/Documents/BT/Chili_CrossDataset/data/raw/dataset_C_cold_india/chilli dataset/resized_raw images/resized_raw images/cerocospora/IMG_4234.JPG,C,0,0,cercospora_leaf_spot,cercospora_leaf_spot,0.652,0.0406,0.2019,0.10547
/home/eecommu06/Documents/BT/Chili_CrossDataset/data/raw/dataset_C_cold_india/chilli dataset/resized_raw images/resized_raw images/cerocospora/IMG_4385.JPG,C,0,0,cercospora_leaf_spot,cercospora_leaf_spot,0.8105,0.04193,0.04684,0.10077
/home/eecommu06/Documents/BT/Chili_CrossDataset/data/raw/dataset_C_cold_india/chilli dataset/resized_raw images/resized_raw images/cerocospora/IMG_4387.JPG,C,0,0,cercospora_leaf_spot,cercospora_leaf_spot,0.692,0.0723,0.1426,0.0932
/home/eecommu06/Documents/BT/Chili_CrossDataset/data/raw/dataset_C_cold_india/chilli dataset/resized_raw images/resized_raw images/cerocospora/IMG_4392.JPG,C,0,0,cercospora_leaf_spot,cercospora_leaf_spot,0.6772,0.04297,0.1741,0.1057
/home/eecommu06/Documents/BT/Chili_CrossDataset/data/raw/dataset_C_cold_india/chilli dataset/resized_raw images/resized_raw images/cerocospora/IMG_4393.JPG,C,0,0,cercospora_leaf_spot,cercospora_leaf_spot,0.79,0.0544,0.0554,0.1001
/home/eecommu06/Documents/BT/Chili_CrossDataset/data/raw/dataset_C_cold_india/chilli dataset/resized_raw images/resized_raw images/cerocospora/IMG_4484.JPG,C,0,0,cercospora_leaf_spot,cercospora_leaf_spot,0.706,0.07837,0.1382,0.07764
/home/eecommu06/Documents/BT/Chili_CrossDataset/data/raw/dataset_C_cold_india/chilli dataset/resized_raw images/resized_raw images/cerocospora/IMG_4489.JPG,C,0,0,cercospora_leaf_spot,cercospora_leaf_spot,0.773,0.03796,0.08185,0.10724
/home/eecommu06/Documents/BT/Chili_CrossDataset/data/raw/dataset_C_cold_india/chilli dataset/resized_raw images/resized_raw images/cerocospora/IMG_4498.JPG,C,0,0,cercospora_leaf_spot,cercospora_leaf_spot,0.59,0.2556,0.0466,0.1082
/home/eecommu06/Documents/BT/Chili_CrossDataset/data/raw/dataset_C_cold_india/chilli dataset/resized_raw images/resized_raw images/cerocospora/IMG_4512.JPG,C,0,0,cercospora_leaf_spot,cercospora_leaf_spot,0.7583,0.0739,0.0708,0.09717
/home/eecommu06/Documents/BT/Chili_CrossDataset/data/raw/dataset_C_cold_india/chilli dataset/resized_raw images/resized_raw images/cerocospora/IMG_4516.JPG,C,0,0,cercospora_leaf_spot,cercospora_leaf_spot,0.7646,0.05392,0.07544,0.1059
/home/eecommu06/Documents/BT/Chili_CrossDataset/data/raw/dataset_C_cold_india/chilli dataset/resized_raw images/resized_raw images/cerocospora/IMG_4519.JPG,C,0,0,cercospora_leaf_spot,cercospora_leaf_spot,0.8125,0.04294,0.0446,0.09985
/home/eecommu06/Documents/BT/Chili_CrossDataset/data/raw/dataset_C_cold_india/chilli dataset/resized_raw images/resized_raw images/cerocospora/IMG_4520.JPG,C,0,0,cercospora_leaf_spot,cercospora_leaf_spot,0.7896,0.09076,0.03516,0.0847
/home/eecommu06/Documents/BT/Chili_CrossDataset/data/raw/dataset_C_cold_india/chilli dataset/resized_raw images/resized_raw images/cerocospora/IMG_4524.JPG,C,0,0,cercospora_leaf_spot,cercospora_leaf_spot,0.7866,0.0558,0.05243,0.10516
/home/eecommu06/Documents/BT/Chili_CrossDataset/data/raw/dataset_C_cold_india/chilli dataset/resized_raw images/resized_raw images/cerocospora/IMG_4525.JPG,C,0,0,cercospora_leaf_spot,cercospora_leaf_spot,0.7583,0.04337,0.0942,0.10425
/home/eecommu06/Documents/BT/Chili_CrossDataset/data/raw/dataset_C_cold_india/chilli dataset/resized_raw images/resized_raw images/cerocospora/IMG_4527.JPG,C,0,1,cercospora_leaf_spot,healthy,0.0734,0.856,0.01895,0.05157
/home/eecommu06/Documents/BT/Chili_CrossDataset/data/raw/dataset_C_cold_india/chilli dataset/resized_raw images/resized_raw images/cerocospora/IMG_4530.JPG,C,0,0,cercospora_leaf_spot,cercospora_leaf_spot,0.7573,0.0672,0.07434,0.10114
/home/eecommu06/Documents/BT/Chili_CrossDataset/data/raw/dataset_C_cold_india/chilli dataset/resized_raw images/resized_raw images/cerocospora/IMG_4540.JPG,C,0,0,cercospora_leaf_spot,cercospora_leaf_spot,0.805,0.05154,0.04498,0.0982
/home/eecommu06/Documents/BT/Chili_CrossDataset/data/raw/dataset_C_cold_india/chilli dataset/resized_raw images/resized_raw images/cerocospora/IMG_4542.JPG,C,0,0,cercospora_leaf_spot,cercospora_leaf_spot,0.7686,0.05347,0.0705,0.10724
/home/eecommu06/Documents/BT/Chili_CrossDataset/data/raw/dataset_C_cold_india/chilli dataset/resized_raw images/resized_raw images/cerocospora/IMG_4543.JPG,C,0,0,cercospora_leaf_spot,cercospora_leaf_spot,0.8105,0.04517,0.04367,0.1005
/home/eecommu06/Documents/BT/Chili_CrossDataset/data/raw/dataset_C_cold_india/chilli dataset/resized_raw images/resized_raw images/cerocospora/IMG_4551.JPG,C,0,0,cercospora_leaf_spot,cercospora_leaf_spot,0.7905,0.04584,0.05728,0.1064
/home/eecommu06/Documents/BT/Chili_CrossDataset/data/raw/dataset_C_cold_india/chilli dataset/resized_raw images/resized_raw images/cerocospora/IMG_4554.JPG,C,0,0,cercospora_leaf_spot,cercospora_leaf_spot,0.5273,0.03833,0.356,0.07806
/home/eecommu06/Documents/BT/Chili_CrossDataset/data/raw/dataset_C_cold_india/chilli dataset/resized_raw images/resized_raw images/cerocospora/IMG_4557.JPG,C,0,0,cercospora_leaf_spot,cercospora_leaf_spot,0.7803,0.04376,0.09766,0.07806
/home/eecommu06/Documents/BT/Chili_CrossDataset/data/raw/dataset_C_cold_india/chilli dataset/resized_raw images/resized_raw images/cerocospora/IMG_4589.JPG,C,0,0,cercospora_leaf_spot,cercospora_leaf_spot,0.748,0.0633,0.08344,0.10547
/home/eecommu06/Documents/BT/Chili_CrossDataset/data/raw/dataset_C_cold_india/chilli dataset/resized_raw images/resized_raw images/cerocospora/IMG_4607.JPG,C,0,0,cercospora_leaf_spot,cercospora_leaf_spot,0.831,0.0526,0.04767,0.0685
/home/eecommu06/Documents/BT/Chili_CrossDataset/data/raw/dataset_C_cold_india/chilli dataset/resized_raw images/resized_raw images/cerocospora/IMG_4611.JPG,C,0,0,cercospora_leaf_spot,cercospora_leaf_spot,0.792,0.04346,0.0628,0.1019
/home/eecommu06/Documents/BT/Chili_CrossDataset/data/raw/dataset_C_cold_india/chilli dataset/resized_raw images/resized_raw images/cerocospora/IMG_4615.JPG,C,0,0,cercospora_leaf_spot,cercospora_leaf_spot,0.693,0.04562,0.1655,0.0959
/home/eecommu06/Documents/BT/Chili_CrossDataset/data/raw/dataset_C_cold_india/chilli dataset/resized_raw images/resized_raw images/cerocospora/IMG_4616.JPG,C,0,0,cercospora_leaf_spot,cercospora_leaf_spot,0.69,0.06775,0.1385,0.10394
/home/eecommu06/Documents/BT/Chili_CrossDataset/data/raw/dataset_C_cold_india/chilli dataset/resized_raw images/resized_raw images/cerocospora/IMG_4619.JPG,C,0,1,cercospora_leaf_spot,healthy,0.04422,0.8975,0.01232,0.04587
/home/eecommu06/Documents/BT/Chili_CrossDataset/data/raw/dataset_C_cold_india/chilli dataset/resized_raw images/resized_raw images/cerocospora/IMG_4621.JPG,C,0,0,cercospora_leaf_spot,cercospora_leaf_spot,0.817,0.0449,0.04736,0.09094
/home/eecommu06/Documents/BT/Chili_CrossDataset/data/raw/dataset_C_cold_india/chilli dataset/resized_raw images/resized_raw images/cerocospora/IMG_4630.JPG,C,0,0,cercospora_leaf_spot,cercospora_leaf_spot,0.7944,0.03717,0.0692,0.09937
/home/eecommu06/Documents/BT/Chili_CrossDataset/data/raw/dataset_C_cold_india/chilli dataset/resized_raw images/resized_raw images/cerocospora/IMG_4639.JPG,C,0,0,cercospora_leaf_spot,cercospora_leaf_spot,0.818,0.0387,0.05014,0.0934
/home/eecommu06/Documents/BT/Chili_CrossDataset/data/raw/dataset_C_cold_india/chilli dataset/resized_raw images/resized_raw images/cerocospora/IMG_4647.JPG,C,0,1,cercospora_leaf_spot,healthy,0.1791,0.7163,0.03296,0.0718
/home/eecommu06/Documents/BT/Chili_CrossDataset/data/raw/dataset_C_cold_india/chilli dataset/resized_raw images/resized_raw images/cerocospora/IMG_4653.JPG,C,0,0,cercospora_leaf_spot,cercospora_leaf_spot,0.8335,0.02504,0.0493,0.09235
/home/eecommu06/Documents/BT/Chili_CrossDataset/data/raw/dataset_C_cold_india/chilli dataset/resized_raw images/resized_raw images/cerocospora/IMG_4654.JPG,C,0,1,cercospora_leaf_spot,healthy,0.1357,0.7764,0.02834,0.05972
/home/eecommu06/Documents/BT/Chili_CrossDataset/data/raw/dataset_C_cold_india/chilli dataset/resized_raw images/resized_raw images/cerocospora/IMG_4656.JPG,C,0,0,cercospora_leaf_spot,cercospora_leaf_spot,0.696,0.169,0.04126,0.09406
/home/eecommu06/Documents/BT/Chili_CrossDataset/data/raw/dataset_C_cold_india/chilli dataset/resized_raw images/resized_raw images/cerocospora/IMG_4664.JPG,C,0,0,cercospora_leaf_spot,cercospora_leaf_spot,0.7812,0.0382,0.0822,0.09845
/home/eecommu06/Documents/BT/Chili_CrossDataset/data/raw/dataset_C_cold_india/chilli dataset/resized_raw images/resized_raw images/cerocospora/IMG_4666.JPG,C,0,1,cercospora_leaf_spot,healthy,0.3918,0.482,0.0378,0.08856
/home/eecommu06/Documents/BT/Chili_CrossDataset/data/raw/dataset_C_cold_india/chilli dataset/resized_raw images/resized_raw images/cerocospora/IMG_4667.JPG,C,0,0,cercospora_leaf_spot,cercospora_leaf_spot,0.719,0.1257,0.07623,0.0786
/home/eecommu06/Documents/BT/Chili_CrossDataset/data/raw/dataset_C_cold_india/chilli dataset/resized_raw images/resized_raw images/cerocospora/IMG_4672.JPG,C,0,0,cercospora_leaf_spot,cercospora_leaf_spot,0.695,0.06824,0.1472,0.08954
/home/eecommu06/Documents/BT/Chili_CrossDataset/data/raw/dataset_C_cold_india/chilli dataset/resized_raw images/resized_raw images/cerocospora/IMG_4673.JPG,C,0,1,cercospora_leaf_spot,healthy,0.01153,0.929,0.0149,0.0444
/home/eecommu06/Documents/BT/Chili_CrossDataset/data/raw/dataset_C_cold_india/chilli dataset/resized_raw images/resized_raw images/cerocospora/IMG_4675.JPG,C,0,0,cercospora_leaf_spot,cercospora_leaf_spot,0.757,0.0688,0.0668,0.10767
/home/eecommu06/Documents/BT/Chili_CrossDataset/data/raw/dataset_C_cold_india/chilli dataset/resized_raw images/resized_raw images/cerocospora/IMG_4679.JPG,C,0,0,cercospora_leaf_spot,cercospora_leaf_spot,0.4375,0.05453,0.418,0.09
/home/eecommu06/Documents/BT/Chili_CrossDataset/data/raw/dataset_C_cold_india/chilli dataset/resized_raw images/resized_raw images/cerocospora/IMG_4763.JPG,C,0,0,cercospora_leaf_spot,cercospora_leaf_spot,0.7974,0.0706,0.04102,0.09076
/home/eecommu06/Documents/BT/Chili_CrossDataset/data/raw/dataset_C_cold_india/chilli dataset/resized_raw images/resized_raw images/cerocospora/IMG_4765.JPG,C,0,0,cercospora_leaf_spot,cercospora_leaf_spot,0.783,0.08954,0.0399,0.0872
/home/eecommu06/Documents/BT/Chili_CrossDataset/data/raw/dataset_C_cold_india/chilli dataset/resized_raw images/resized_raw images/cerocospora/IMG_4766.JPG,C,0,1,cercospora_leaf_spot,healthy,0.285,0.592,0.03458,0.0886
/home/eecommu06/Documents/BT/Chili_CrossDataset/data/raw/dataset_C_cold_india/chilli dataset/resized_raw images/resized_raw images/cerocospora/IMG_4767.JPG,C,0,1,cercospora_leaf_spot,healthy,0.151,0.756,0.02336,0.0697
/home/eecommu06/Documents/BT/Chili_CrossDataset/data/raw/dataset_C_cold_india/chilli dataset/resized_raw images/resized_raw images/cerocospora/IMG_4774.JPG,C,0,0,cercospora_leaf_spot,cercospora_leaf_spot,0.7354,0.11865,0.05936,0.08673
/home/eecommu06/Documents/BT/Chili_CrossDataset/data/raw/dataset_C_cold_india/chilli dataset/resized_raw images/resized_raw images/cerocospora/IMG_4822.JPG,C,0,0,cercospora_leaf_spot,cercospora_leaf_spot,0.7983,0.03613,0.0757,0.0898
/home/eecommu06/Documents/BT/Chili_CrossDataset/data/raw/dataset_C_cold_india/chilli dataset/resized_raw images/resized_raw images/cerocospora/IMG_4823.JPG,C,0,0,cercospora_leaf_spot,cercospora_leaf_spot,0.6865,0.0687,0.1462,0.09845
/home/eecommu06/Documents/BT/Chili_CrossDataset/data/raw/dataset_C_cold_india/chilli dataset/resized_raw images/resized_raw images/cerocospora/IMG_4842.JPG,C,0,0,cercospora_leaf_spot,cercospora_leaf_spot,0.7676,0.08105,0.055,0.09625
/home/eecommu06/Documents/BT/Chili_CrossDataset/data/raw/dataset_C_cold_india/chilli dataset/resized_raw images/resized_raw images/cerocospora/IMG_4846.JPG,C,0,0,cercospora_leaf_spot,cercospora_leaf_spot,0.8003,0.03378,0.04636,0.1196
/home/eecommu06/Documents/BT/Chili_CrossDataset/data/raw/dataset_C_cold_india/chilli dataset/resized_raw images/resized_raw images/cerocospora/IMG_4847.JPG,C,0,0,cercospora_leaf_spot,cercospora_leaf_spot,0.769,0.04272,0.07,0.11816
/home/eecommu06/Documents/BT/Chili_CrossDataset/data/raw/dataset_C_cold_india/chilli dataset/resized_raw images/resized_raw images/cerocospora/IMG_4885.JPG,C,0,0,cercospora_leaf_spot,cercospora_leaf_spot,0.713,0.07056,0.07446,0.1418
/home/eecommu06/Documents/BT/Chili_CrossDataset/data/raw/dataset_C_cold_india/chilli dataset/resized_raw images/resized_raw images/cerocospora/IMG_4949.JPG,C,0,0,cercospora_leaf_spot,cercospora_leaf_spot,0.7783,0.05988,0.05527,0.1065
/home/eecommu06/Documents/BT/Chili_CrossDataset/data/raw/dataset_C_cold_india/chilli dataset/resized_raw images/resized_raw images/cerocospora/IMG_4957.JPG,C,0,0,cercospora_leaf_spot,cercospora_leaf_spot,0.8267,0.0271,0.04993,0.0961
/home/eecommu06/Documents/BT/Chili_CrossDataset/data/raw/dataset_C_cold_india/chilli dataset/resized_raw images/resized_raw images/cerocospora/IMG_4965.JPG,C,0,0,cercospora_leaf_spot,cercospora_leaf_spot,0.7876,0.071,0.0455,0.09595
/home/eecommu06/Documents/BT/Chili_CrossDataset/data/raw/dataset_C_cold_india/chilli dataset/resized_raw images/resized_raw images/cerocospora/IMG_4966.JPG,C,0,0,cercospora_leaf_spot,cercospora_leaf_spot,0.797,0.0562,0.04813,0.0988
/home/eecommu06/Documents/BT/Chili_CrossDataset/data/raw/dataset_C_cold_india/chilli dataset/resized_raw images/resized_raw images/cerocospora/IMG_4971.JPG,C,0,0,cercospora_leaf_spot,cercospora_leaf_spot,0.692,0.1159,0.1143,0.07794
/home/eecommu06/Documents/BT/Chili_CrossDataset/data/raw/dataset_C_cold_india/chilli dataset/resized_raw images/resized_raw images/cerocospora/IMG_4977.JPG,C,0,0,cercospora_leaf_spot,cercospora_leaf_spot,0.677,0.03665,0.1992,0.0873
/home/eecommu06/Documents/BT/Chili_CrossDataset/data/raw/dataset_C_cold_india/chilli dataset/resized_raw images/resized_raw images/cerocospora/IMG_4980.JPG,C,0,0,cercospora_leaf_spot,cercospora_leaf_spot,0.4312,0.4255,0.05872,0.0844
/home/eecommu06/Documents/BT/Chili_CrossDataset/data/raw/dataset_C_cold_india/chilli dataset/resized_raw images/resized_raw images/cerocospora/IMG_4997.JPG,C,0,0,cercospora_leaf_spot,cercospora_leaf_spot,0.729,0.103,0.05536,0.11255
/home/eecommu06/Documents/BT/Chili_CrossDataset/data/raw/dataset_C_cold_india/chilli dataset/resized_raw images/resized_raw images/cerocospora/IMG_4999.JPG,C,0,0,cercospora_leaf_spot,cercospora_leaf_spot,0.7754,0.0487,0.08405,0.0918
/home/eecommu06/Documents/BT/Chili_CrossDataset/data/raw/dataset_C_cold_india/chilli dataset/resized_raw images/resized_raw images/cerocospora/IMG_5001.JPG,C,0,0,cercospora_leaf_spot,cercospora_leaf_spot,0.7925,0.03976,0.0678,0.09973
/home/eecommu06/Documents/BT/Chili_CrossDataset/data/raw/dataset_C_cold_india/chilli dataset/resized_raw images/resized_raw images/cerocospora/IMG_5002.JPG,C,0,0,cercospora_leaf_spot,cercospora_leaf_spot,0.801,0.04236,0.05508,0.10156
/home/eecommu06/Documents/BT/Chili_CrossDataset/data/raw/dataset_C_cold_india/chilli dataset/resized_raw images/resized_raw images/cerocospora/IMG_5009.JPG,C,0,2,cercospora_leaf_spot,nutrient_deficiency,0.3286,0.04013,0.5654,0.066
/home/eecommu06/Documents/BT/Chili_CrossDataset/data/raw/dataset_C_cold_india/chilli dataset/resized_raw images/resized_raw images/cerocospora/IMG_5010.JPG,C,0,2,cercospora_leaf_spot,nutrient_deficiency,0.2507,0.04388,0.626,0.0793
/home/eecommu06/Documents/BT/Chili_CrossDataset/data/raw/dataset_C_cold_india/chilli dataset/resized_raw images/resized_raw images/cerocospora/IMG_5013.JPG,C,0,0,cercospora_leaf_spot,cercospora_leaf_spot,0.815,0.0418,0.05264,0.0908
/home/eecommu06/Documents/BT/Chili_CrossDataset/data/raw/dataset_C_cold_india/chilli dataset/resized_raw images/resized_raw images/cerocospora/IMG_5018.JPG,C,0,0,cercospora_leaf_spot,cercospora_leaf_spot,0.77,0.03665,0.09875,0.09467
/home/eecommu06/Documents/BT/Chili_CrossDataset/data/raw/dataset_C_cold_india/chilli dataset/resized_raw images/resized_raw images/cerocospora/IMG_5019.JPG,C,0,0,cercospora_leaf_spot,cercospora_leaf_spot,0.7544,0.05353,0.0953,0.097
/home/eecommu06/Documents/BT/Chili_CrossDataset/data/raw/dataset_C_cold_india/chilli dataset/resized_raw images/resized_raw images/cerocospora/IMG_5026.JPG,C,0,0,cercospora_leaf_spot,cercospora_leaf_spot,0.812,0.03726,0.04742,0.1032
/home/eecommu06/Documents/BT/Chili_CrossDataset/data/raw/dataset_C_cold_india/chilli dataset/resized_raw images/resized_raw images/cerocospora/IMG_5031.JPG,C,0,0,cercospora_leaf_spot,cercospora_leaf_spot,0.8145,0.03023,0.0668,0.0885
/home/eecommu06/Documents/BT/Chili_CrossDataset/data/raw/dataset_C_cold_india/chilli dataset/resized_raw images/resized_raw images/cerocospora/IMG_5042.JPG,C,0,0,cercospora_leaf_spot,cercospora_leaf_spot,0.7437,0.0788,0.0788,0.09894
/home/eecommu06/Documents/BT/Chili_CrossDataset/data/raw/dataset_C_cold_india/chilli dataset/resized_raw images/resized_raw images/cerocospora/IMG_5045.JPG,C,0,0,cercospora_leaf_spot,cercospora_leaf_spot,0.7744,0.0666,0.0673,0.09186
/home/eecommu06/Documents/BT/Chili_CrossDataset/data/raw/dataset_C_cold_india/chilli dataset/resized_raw images/resized_raw images/cerocospora/IMG_5052.JPG,C,0,0,cercospora_leaf_spot,cercospora_leaf_spot,0.8174,0.0327,0.05313,0.0969
/home/eecommu06/Documents/BT/Chili_CrossDataset/data/raw/dataset_C_cold_india/chilli dataset/resized_raw images/resized_raw images/cerocospora/IMG_5058.JPG,C,0,0,cercospora_leaf_spot,cercospora_leaf_spot,0.758,0.04373,0.0901,0.1082
/home/eecommu06/Documents/BT/Chili_CrossDataset/data/raw/dataset_C_cold_india/chilli dataset/resized_raw images/resized_raw images/cerocospora/IMG_5068.JPG,C,0,2,cercospora_leaf_spot,nutrient_deficiency,0.01717,0.011444,0.934,0.0372
/home/eecommu06/Documents/BT/Chili_CrossDataset/data/raw/dataset_C_cold_india/chilli dataset/resized_raw images/resized_raw images/cerocospora/IMG_5069.JPG,C,0,0,cercospora_leaf_spot,cercospora_leaf_spot,0.7773,0.07404,0.0613,0.08716
/home/eecommu06/Documents/BT/Chili_CrossDataset/data/raw/dataset_C_cold_india/chilli dataset/resized_raw images/resized_raw images/cerocospora/IMG_5070.JPG,C,0,0,cercospora_leaf_spot,cercospora_leaf_spot,0.8115,0.0373,0.0493,0.1022
/home/eecommu06/Documents/BT/Chili_CrossDataset/data/raw/dataset_C_cold_india/chilli dataset/resized_raw images/resized_raw images/cerocospora/IMG_5142.JPG,C,0,0,cercospora_leaf_spot,cercospora_leaf_spot,0.7266,0.0634,0.1288,0.08124
/home/eecommu06/Documents/BT/Chili_CrossDataset/data/raw/dataset_C_cold_india/chilli dataset/resized_raw images/resized_raw images/cerocospora/IMG_5149.JPG,C,0,0,cercospora_leaf_spot,cercospora_leaf_spot,0.68,0.04,0.04623,0.2339
/home/eecommu06/Documents/BT/Chili_CrossDataset/data/raw/dataset_C_cold_india/chilli dataset/resized_raw images/resized_raw images/cerocospora/IMG_5152.JPG,C,0,0,cercospora_leaf_spot,cercospora_leaf_spot,0.8306,0.03268,0.04834,0.0887
/home/eecommu06/Documents/BT/Chili_CrossDataset/data/raw/dataset_C_cold_india/chilli dataset/resized_raw images/resized_raw images/cerocospora/IMG_5157.JPG,C,0,0,cercospora_leaf_spot,cercospora_leaf_spot,0.793,0.04492,0.05682,0.1053
/home/eecommu06/Documents/BT/Chili_CrossDataset/data/raw/dataset_C_cold_india/chilli dataset/resized_raw images/resized_raw images/cerocospora/IMG_5159.JPG,C,0,3,cercospora_leaf_spot,powdery_mildew,0.01163,0.010124,0.01079,0.9673
/home/eecommu06/Documents/BT/Chili_CrossDataset/data/raw/dataset_C_cold_india/chilli dataset/resized_raw images/resized_raw images/cerocospora/IMG_5160.JPG,C,0,0,cercospora_leaf_spot,cercospora_leaf_spot,0.831,0.02846,0.04892,0.0917
/home/eecommu06/Documents/BT/Chili_CrossDataset/data/raw/dataset_C_cold_india/chilli dataset/resized_raw images/resized_raw images/cerocospora/IMG_5164.JPG,C,0,0,cercospora_leaf_spot,cercospora_leaf_spot,0.7656,0.0432,0.0743,0.1167
/home/eecommu06/Documents/BT/Chili_CrossDataset/data/raw/dataset_C_cold_india/chilli dataset/resized_raw images/resized_raw images/cerocospora/IMG_5165.JPG,C,0,0,cercospora_leaf_spot,cercospora_leaf_spot,0.779,0.03302,0.1017,0.0866
/home/eecommu06/Documents/BT/Chili_CrossDataset/data/raw/dataset_C_cold_india/chilli dataset/resized_raw images/resized_raw images/cerocospora/IMG_5174.JPG,C,0,0,cercospora_leaf_spot,cercospora_leaf_spot,0.7915,0.0406,0.0662,0.1016
/home/eecommu06/Documents/BT/Chili_CrossDataset/data/raw/dataset_C_cold_india/chilli dataset/resized_raw images/resized_raw images/cerocospora/IMG_5176.JPG,C,0,0,cercospora_leaf_spot,cercospora_leaf_spot,0.8247,0.03464,0.04758,0.0932
/home/eecommu06/Documents/BT/Chili_CrossDataset/data/raw/dataset_C_cold_india/chilli dataset/resized_raw images/resized_raw images/cerocospora/IMG_5184.JPG,C,0,0,cercospora_leaf_spot,cercospora_leaf_spot,0.819,0.03857,0.05145,0.091
/home/eecommu06/Documents/BT/Chili_CrossDataset/data/raw/dataset_C_cold_india/chilli dataset/resized_raw images/resized_raw images/cerocospora/IMG_5186.JPG,C,0,0,cercospora_leaf_spot,cercospora_leaf_spot,0.794,0.03903,0.0731,0.0941
/home/eecommu06/Documents/BT/Chili_CrossDataset/data/raw/dataset_C_cold_india/chilli dataset/resized_raw images/resized_raw images/cerocospora/IMG_5189.JPG,C,0,0,cercospora_leaf_spot,cercospora_leaf_spot,0.8027,0.04062,0.05365,0.1032
/home/eecommu06/Documents/BT/Chili_CrossDataset/data/raw/dataset_C_cold_india/chilli dataset/resized_raw images/resized_raw images/cerocospora/IMG_5190.JPG,C,0,0,cercospora_leaf_spot,cercospora_leaf_spot,0.7256,0.04108,0.1465,0.0867
/home/eecommu06/Documents/BT/Chili_CrossDataset/data/raw/dataset_C_cold_india/chilli dataset/resized_raw images/resized_raw images/cerocospora/IMG_5215.JPG,C,0,0,cercospora_leaf_spot,cercospora_leaf_spot,0.8237,0.03256,0.04968,0.0942
/home/eecommu06/Documents/BT/Chili_CrossDataset/data/raw/dataset_C_cold_india/chilli dataset/resized_raw images/resized_raw images/cerocospora/IMG_5216.JPG,C,0,0,cercospora_leaf_spot,cercospora_leaf_spot,0.8096,0.04242,0.05228,0.0957
/home/eecommu06/Documents/BT/Chili_CrossDataset/data/raw/dataset_C_cold_india/chilli dataset/resized_raw images/resized_raw images/cerocospora/IMG_5217.JPG,C,0,0,cercospora_leaf_spot,cercospora_leaf_spot,0.7847,0.03564,0.0912,0.08826
/home/eecommu06/Documents/BT/Chili_CrossDataset/data/raw/dataset_C_cold_india/chilli dataset/resized_raw images/resized_raw images/cerocospora/IMG_5219.JPG,C,0,0,cercospora_leaf_spot,cercospora_leaf_spot,0.7944,0.0383,0.06494,0.10254
/home/eecommu06/Documents/BT/Chili_CrossDataset/data/raw/dataset_C_cold_india/chilli dataset/resized_raw images/resized_raw images/cerocospora/IMG_5220.JPG,C,0,0,cercospora_leaf_spot,cercospora_leaf_spot,0.743,0.0556,0.07654,0.12476
/home/eecommu06/Documents/BT/Chili_CrossDataset/data/raw/dataset_C_cold_india/chilli dataset/resized_raw images/resized_raw images/cerocospora/IMG_5221.JPG,C,0,0,cercospora_leaf_spot,cercospora_leaf_spot,0.7646,0.03403,0.1102,0.0913
/home/eecommu06/Documents/BT/Chili_CrossDataset/data/raw/dataset_C_cold_india/chilli dataset/resized_raw images/resized_raw images/cerocospora/IMG_5226.JPG,C,0,0,cercospora_leaf_spot,cercospora_leaf_spot,0.8115,0.03912,0.05103,0.09845
/home/eecommu06/Documents/BT/Chili_CrossDataset/data/raw/dataset_C_cold_india/chilli dataset/resized_raw images/resized_raw images/cerocospora/IMG_5237.JPG,C,0,0,cercospora_leaf_spot,cercospora_leaf_spot,0.812,0.04187,0.04846,0.09784
/home/eecommu06/Documents/BT/Chili_CrossDataset/data/raw/dataset_C_cold_india/chilli dataset/resized_raw images/resized_raw images/cerocospora/IMG_5239.JPG,C,0,0,cercospora_leaf_spot,cercospora_leaf_spot,0.8237,0.0319,0.05804,0.0864
/home/eecommu06/Documents/BT/Chili_CrossDataset/data/raw/dataset_C_cold_india/chilli dataset/resized_raw images/resized_raw images/cerocospora/IMG_5247.JPG,C,0,0,cercospora_leaf_spot,cercospora_leaf_spot,0.5024,0.3525,0.05627,0.0887
/home/eecommu06/Documents/BT/Chili_CrossDataset/data/raw/dataset_C_cold_india/chilli dataset/resized_raw images/resized_raw images/cerocospora/IMG_5249.JPG,C,0,2,cercospora_leaf_spot,nutrient_deficiency,0.3418,0.02328,0.5635,0.07153
/home/eecommu06/Documents/BT/Chili_CrossDataset/data/raw/dataset_C_cold_india/chilli dataset/resized_raw images/resized_raw images/cerocospora/IMG_5250.JPG,C,0,0,cercospora_leaf_spot,cercospora_leaf_spot,0.821,0.03644,0.05246,0.09015
/home/eecommu06/Documents/BT/Chili_CrossDataset/data/raw/dataset_C_cold_india/chilli dataset/resized_raw images/resized_raw images/cerocospora/IMG_5254.JPG,C,0,0,cercospora_leaf_spot,cercospora_leaf_spot,0.7964,0.04987,0.0561,0.09784
/home/eecommu06/Documents/BT/Chili_CrossDataset/data/raw/dataset_C_cold_india/chilli dataset/resized_raw images/resized_raw images/cerocospora/IMG_5264.JPG,C,0,0,cercospora_leaf_spot,cercospora_leaf_spot,0.455,0.07654,0.4094,0.05893
/home/eecommu06/Documents/BT/Chili_CrossDataset/data/raw/dataset_C_cold_india/chilli dataset/resized_raw images/resized_raw images/cerocospora/IMG_5265.JPG,C,0,0,cercospora_leaf_spot,cercospora_leaf_spot,0.726,0.03122,0.1588,0.084
/home/eecommu06/Documents/BT/Chili_CrossDataset/data/raw/dataset_C_cold_india/chilli dataset/resized_raw images/resized_raw images/cerocospora/IMG_5268.JPG,C,0,0,cercospora_leaf_spot,cercospora_leaf_spot,0.743,0.1181,0.0525,0.08624
/home/eecommu06/Documents/BT/Chili_CrossDataset/data/raw/dataset_C_cold_india/chilli dataset/resized_raw images/resized_raw images/cerocospora/IMG_5283.JPG,C,0,0,cercospora_leaf_spot,cercospora_leaf_spot,0.8105,0.0358,0.05237,0.1014
/home/eecommu06/Documents/BT/Chili_CrossDataset/data/raw/dataset_C_cold_india/chilli dataset/resized_raw images/resized_raw images/cerocospora/IMG_5287.JPG,C,0,0,cercospora_leaf_spot,cercospora_leaf_spot,0.831,0.03146,0.05023,0.0874
/home/eecommu06/Documents/BT/Chili_CrossDataset/data/raw/dataset_C_cold_india/chilli dataset/resized_raw images/resized_raw images/cerocospora/IMG_5291.JPG,C,0,0,cercospora_leaf_spot,cercospora_leaf_spot,0.8096,0.0537,0.05267,0.0842
/home/eecommu06/Documents/BT/Chili_CrossDataset/data/raw/dataset_C_cold_india/chilli dataset/resized_raw images/resized_raw images/cerocospora/IMG_5292.JPG,C,0,0,cercospora_leaf_spot,cercospora_leaf_spot,0.8267,0.0395,0.0509,0.08295
/home/eecommu06/Documents/BT/Chili_CrossDataset/data/raw/dataset_C_cold_india/chilli dataset/resized_raw images/resized_raw images/cerocospora/IMG_5304.JPG,C,0,0,cercospora_leaf_spot,cercospora_leaf_spot,0.7827,0.0319,0.08417,0.10144
/home/eecommu06/Documents/BT/Chili_CrossDataset/data/raw/dataset_C_cold_india/chilli dataset/resized_raw images/resized_raw images/cerocospora/IMG_5316.JPG,C,0,0,cercospora_leaf_spot,cercospora_leaf_spot,0.8076,0.04733,0.05313,0.09216
/home/eecommu06/Documents/BT/Chili_CrossDataset/data/raw/dataset_C_cold_india/chilli dataset/resized_raw images/resized_raw images/cerocospora/IMG_5317.JPG,C,0,0,cercospora_leaf_spot,cercospora_leaf_spot,0.797,0.04095,0.06113,0.1012
/home/eecommu06/Documents/BT/Chili_CrossDataset/data/raw/dataset_C_cold_india/chilli dataset/resized_raw images/resized_raw images/cerocospora/IMG_5324.JPG,C,0,0,cercospora_leaf_spot,cercospora_leaf_spot,0.798,0.0417,0.04825,0.1124
/home/eecommu06/Documents/BT/Chili_CrossDataset/data/raw/dataset_C_cold_india/chilli dataset/resized_raw images/resized_raw images/cerocospora/IMG_5361.JPG,C,0,0,cercospora_leaf_spot,cercospora_leaf_spot,0.8037,0.03403,0.05258,0.1097
/home/eecommu06/Documents/BT/Chili_CrossDataset/data/raw/dataset_C_cold_india/chilli dataset/resized_raw images/resized_raw images/cerocospora/IMG_5371.JPG,C,0,0,cercospora_leaf_spot,cercospora_leaf_spot,0.781,0.05518,0.0664,0.0978
/home/eecommu06/Documents/BT/Chili_CrossDataset/data/raw/dataset_C_cold_india/chilli dataset/resized_raw images/resized_raw images/cerocospora/IMG_5373.JPG,C,0,0,cercospora_leaf_spot,cercospora_leaf_spot,0.838,0.03766,0.04282,0.0815
/home/eecommu06/Documents/BT/Chili_CrossDataset/data/raw/dataset_C_cold_india/chilli dataset/resized_raw images/resized_raw images/cerocospora/IMG_5375.JPG,C,0,0,cercospora_leaf_spot,cercospora_leaf_spot,0.7466,0.06018,0.0544,0.1389
/home/eecommu06/Documents/BT/Chili_CrossDataset/data/raw/dataset_C_cold_india/chilli dataset/resized_raw images/resized_raw images/cerocospora/IMG_5391.JPG,C,0,0,cercospora_leaf_spot,cercospora_leaf_spot,0.578,0.1637,0.188,0.07043
/home/eecommu06/Documents/BT/Chili_CrossDataset/data/raw/dataset_C_cold_india/chilli dataset/resized_raw images/resized_raw images/cerocospora/IMG_5396.JPG,C,0,0,cercospora_leaf_spot,cercospora_leaf_spot,0.8105,0.0348,0.05386,0.1009
/home/eecommu06/Documents/BT/Chili_CrossDataset/data/raw/dataset_C_cold_india/chilli dataset/resized_raw images/resized_raw images/cerocospora/IMG_5398.JPG,C,0,0,cercospora_leaf_spot,cercospora_leaf_spot,0.821,0.03256,0.0547,0.0919
/home/eecommu06/Documents/BT/Chili_CrossDataset/data/raw/dataset_C_cold_india/chilli dataset/resized_raw images/resized_raw images/cerocospora/IMG_5400.JPG,C,0,0,cercospora_leaf_spot,cercospora_leaf_spot,0.8154,0.03906,0.05762,0.08765
/home/eecommu06/Documents/BT/Chili_CrossDataset/data/raw/dataset_C_cold_india/chilli dataset/resized_raw images/resized_raw images/cerocospora/IMG_5401.JPG,C,0,0,cercospora_leaf_spot,cercospora_leaf_spot,0.821,0.03525,0.05933,0.0845
/home/eecommu06/Documents/BT/Chili_CrossDataset/data/raw/dataset_C_cold_india/chilli dataset/resized_raw images/resized_raw images/cerocospora/IMG_5407.JPG,C,0,0,cercospora_leaf_spot,cercospora_leaf_spot,0.814,0.03894,0.0577,0.08954
/home/eecommu06/Documents/BT/Chili_CrossDataset/data/raw/dataset_C_cold_india/chilli dataset/resized_raw images/resized_raw images/cerocospora/IMG_5425.JPG,C,0,0,cercospora_leaf_spot,cercospora_leaf_spot,0.813,0.03333,0.06354,0.09015
/home/eecommu06/Documents/BT/Chili_CrossDataset/data/raw/dataset_C_cold_india/chilli dataset/resized_raw images/resized_raw images/cerocospora/IMG_5430.JPG,C,0,0,cercospora_leaf_spot,cercospora_leaf_spot,0.814,0.0298,0.0635,0.0927
/home/eecommu06/Documents/BT/Chili_CrossDataset/data/raw/dataset_C_cold_india/chilli dataset/resized_raw images/resized_raw images/cerocospora/IMG_5431.JPG,C,0,0,cercospora_leaf_spot,cercospora_leaf_spot,0.744,0.03436,0.12494,0.0966
/home/eecommu06/Documents/BT/Chili_CrossDataset/data/raw/dataset_C_cold_india/chilli dataset/resized_raw images/resized_raw images/cerocospora/IMG_5432.JPG,C,0,0,cercospora_leaf_spot,cercospora_leaf_spot,0.811,0.02852,0.0836,0.07666
/home/eecommu06/Documents/BT/Chili_CrossDataset/data/raw/dataset_C_cold_india/chilli dataset/resized_raw images/resized_raw images/cerocospora/IMG_5435.JPG,C,0,0,cercospora_leaf_spot,cercospora_leaf_spot,0.8257,0.03467,0.05936,0.08014
/home/eecommu06/Documents/BT/Chili_CrossDataset/data/raw/dataset_C_cold_india/chilli dataset/resized_raw images/resized_raw images/cerocospora/IMG_5440.JPG,C,0,0,cercospora_leaf_spot,cercospora_leaf_spot,0.835,0.0348,0.04678,0.0835
/home/eecommu06/Documents/BT/Chili_CrossDataset/data/raw/dataset_C_cold_india/chilli dataset/resized_raw images/resized_raw images/cerocospora/IMG_5442.JPG,C,0,0,cercospora_leaf_spot,cercospora_leaf_spot,0.788,0.05063,0.0571,0.1044
/home/eecommu06/Documents/BT/Chili_CrossDataset/data/raw/dataset_C_cold_india/chilli dataset/resized_raw images/resized_raw images/cerocospora/IMG_5457.JPG,C,0,0,cercospora_leaf_spot,cercospora_leaf_spot,0.8184,0.03802,0.05267,0.0907
/home/eecommu06/Documents/BT/Chili_CrossDataset/data/raw/dataset_C_cold_india/chilli dataset/resized_raw images/resized_raw images/cerocospora/IMG_5462.JPG,C,0,0,cercospora_leaf_spot,cercospora_leaf_spot,0.791,0.068,0.06903,0.0718
/home/eecommu06/Documents/BT/Chili_CrossDataset/data/raw/dataset_C_cold_india/chilli dataset/resized_raw images/resized_raw images/cerocospora/IMG_5464.JPG,C,0,0,cercospora_leaf_spot,cercospora_leaf_spot,0.7803,0.075,0.05182,0.093
/home/eecommu06/Documents/BT/Chili_CrossDataset/data/raw/dataset_C_cold_india/chilli dataset/resized_raw images/resized_raw images/cerocospora/IMG_5476.JPG,C,0,0,cercospora_leaf_spot,cercospora_leaf_spot,0.7515,0.0959,0.0456,0.10724
/home/eecommu06/Documents/BT/Chili_CrossDataset/data/raw/dataset_C_cold_india/chilli dataset/resized_raw images/resized_raw images/cerocospora/IMG_5565.JPG,C,0,3,cercospora_leaf_spot,powdery_mildew,0.002802,0.00818,0.00972,0.9795
/home/eecommu06/Documents/BT/Chili_CrossDataset/data/raw/dataset_C_cold_india/chilli dataset/resized_raw images/resized_raw images/cerocospora/IMG_5566.JPG,C,0,3,cercospora_leaf_spot,powdery_mildew,0.004063,0.007206,0.01165,0.977
/home/eecommu06/Documents/BT/Chili_CrossDataset/data/raw/dataset_C_cold_india/chilli dataset/resized_raw images/resized_raw images/healthy/IMG_3443.JPG,C,1,1,healthy,healthy,0.009995,0.932,0.0159,0.04196
/home/eecommu06/Documents/BT/Chili_CrossDataset/data/raw/dataset_C_cold_india/chilli dataset/resized_raw images/resized_raw images/healthy/IMG_3447.JPG,C,1,1,healthy,healthy,0.008705,0.922,0.02104,0.04846
/home/eecommu06/Documents/BT/Chili_CrossDataset/data/raw/dataset_C_cold_india/chilli dataset/resized_raw images/resized_raw images/healthy/IMG_3455.JPG,C,1,1,healthy,healthy,0.2583,0.6465,0.03275,0.06216
/home/eecommu06/Documents/BT/Chili_CrossDataset/data/raw/dataset_C_cold_india/chilli dataset/resized_raw images/resized_raw images/healthy/IMG_3459.JPG,C,1,1,healthy,healthy,0.1389,0.7666,0.02458,0.07007
/home/eecommu06/Documents/BT/Chili_CrossDataset/data/raw/dataset_C_cold_india/chilli dataset/resized_raw images/resized_raw images/healthy/IMG_3478.JPG,C,1,1,healthy,healthy,0.0178,0.908,0.01822,0.0558
/home/eecommu06/Documents/BT/Chili_CrossDataset/data/raw/dataset_C_cold_india/chilli dataset/resized_raw images/resized_raw images/healthy/IMG_3479.JPG,C,1,1,healthy,healthy,0.01152,0.919,0.0211,0.04855
/home/eecommu06/Documents/BT/Chili_CrossDataset/data/raw/dataset_C_cold_india/chilli dataset/resized_raw images/resized_raw images/healthy/IMG_3503.JPG,C,1,1,healthy,healthy,0.00962,0.8994,0.0426,0.04825
/home/eecommu06/Documents/BT/Chili_CrossDataset/data/raw/dataset_C_cold_india/chilli dataset/resized_raw images/resized_raw images/healthy/IMG_3554.JPG,C,1,1,healthy,healthy,0.001864,0.9507,0.01328,0.03415
/home/eecommu06/Documents/BT/Chili_CrossDataset/data/raw/dataset_C_cold_india/chilli dataset/resized_raw images/resized_raw images/healthy/IMG_3560.JPG,C,1,1,healthy,healthy,0.00871,0.8735,0.0692,0.04865
/home/eecommu06/Documents/BT/Chili_CrossDataset/data/raw/dataset_C_cold_india/chilli dataset/resized_raw images/resized_raw images/healthy/IMG_3565.JPG,C,1,1,healthy,healthy,0.003094,0.944,0.01695,0.03604
/home/eecommu06/Documents/BT/Chili_CrossDataset/data/raw/dataset_C_cold_india/chilli dataset/resized_raw images/resized_raw images/healthy/IMG_3568.JPG,C,1,1,healthy,healthy,0.003395,0.9434,0.0183,0.03506
/home/eecommu06/Documents/BT/Chili_CrossDataset/data/raw/dataset_C_cold_india/chilli dataset/resized_raw images/resized_raw images/healthy/IMG_3853.JPG,C,1,1,healthy,healthy,0.3252,0.536,0.06714,0.0714
/home/eecommu06/Documents/BT/Chili_CrossDataset/data/raw/dataset_C_cold_india/chilli dataset/resized_raw images/resized_raw images/healthy/IMG_3856.JPG,C,1,0,healthy,cercospora_leaf_spot,0.708,0.1515,0.04602,0.09454
/home/eecommu06/Documents/BT/Chili_CrossDataset/data/raw/dataset_C_cold_india/chilli dataset/resized_raw images/resized_raw images/healthy/IMG_3859.JPG,C,1,0,healthy,cercospora_leaf_spot,0.538,0.2966,0.05353,0.11194
/home/eecommu06/Documents/BT/Chili_CrossDataset/data/raw/dataset_C_cold_india/chilli dataset/resized_raw images/resized_raw images/healthy/IMG_3860.JPG,C,1,1,healthy,healthy,0.02301,0.9185,0.0156,0.04312
/home/eecommu06/Documents/BT/Chili_CrossDataset/data/raw/dataset_C_cold_india/chilli dataset/resized_raw images/resized_raw images/healthy/IMG_3865.JPG,C,1,1,healthy,healthy,0.0406,0.696,0.1598,0.1039
/home/eecommu06/Documents/BT/Chili_CrossDataset/data/raw/dataset_C_cold_india/chilli dataset/resized_raw images/resized_raw images/healthy/IMG_3869.JPG,C,1,1,healthy,healthy,0.01735,0.9116,0.02022,0.05063
/home/eecommu06/Documents/BT/Chili_CrossDataset/data/raw/dataset_C_cold_india/chilli dataset/resized_raw images/resized_raw images/healthy/IMG_3873.JPG,C,1,1,healthy,healthy,0.02014,0.9155,0.01863,0.04562
/home/eecommu06/Documents/BT/Chili_CrossDataset/data/raw/dataset_C_cold_india/chilli dataset/resized_raw images/resized_raw images/healthy/IMG_3874.JPG,C,1,1,healthy,healthy,0.006016,0.923,0.01901,0.05203
/home/eecommu06/Documents/BT/Chili_CrossDataset/data/raw/dataset_C_cold_india/chilli dataset/resized_raw images/resized_raw images/healthy/IMG_3875.JPG,C,1,1,healthy,healthy,0.1101,0.7764,0.03162,0.0821
/home/eecommu06/Documents/BT/Chili_CrossDataset/data/raw/dataset_C_cold_india/chilli dataset/resized_raw images/resized_raw images/healthy/IMG_3876.JPG,C,1,1,healthy,healthy,0.007698,0.9253,0.0189,0.0483
/home/eecommu06/Documents/BT/Chili_CrossDataset/data/raw/dataset_C_cold_india/chilli dataset/resized_raw images/resized_raw images/healthy/IMG_3881.JPG,C,1,1,healthy,healthy,0.02045,0.6187,0.2864,0.0747
/home/eecommu06/Documents/BT/Chili_CrossDataset/data/raw/dataset_C_cold_india/chilli dataset/resized_raw images/resized_raw images/healthy/IMG_3882.JPG,C,1,1,healthy,healthy,0.005913,0.9355,0.0168,0.04153
/home/eecommu06/Documents/BT/Chili_CrossDataset/data/raw/dataset_C_cold_india/chilli dataset/resized_raw images/resized_raw images/healthy/IMG_3883.JPG,C,1,1,healthy,healthy,0.00629,0.9355,0.01596,0.04218
/home/eecommu06/Documents/BT/Chili_CrossDataset/data/raw/dataset_C_cold_india/chilli dataset/resized_raw images/resized_raw images/healthy/IMG_3886.JPG,C,1,1,healthy,healthy,0.01906,0.9004,0.03668,0.04364
/home/eecommu06/Documents/BT/Chili_CrossDataset/data/raw/dataset_C_cold_india/chilli dataset/resized_raw images/resized_raw images/healthy/IMG_3889.JPG,C,1,1,healthy,healthy,0.0843,0.801,0.05594,0.05902
/home/eecommu06/Documents/BT/Chili_CrossDataset/data/raw/dataset_C_cold_india/chilli dataset/resized_raw images/resized_raw images/healthy/IMG_3894.JPG,C,1,1,healthy,healthy,0.007355,0.9346,0.02412,0.03418
/home/eecommu06/Documents/BT/Chili_CrossDataset/data/raw/dataset_C_cold_india/chilli dataset/resized_raw images/resized_raw images/healthy/IMG_3898.JPG,C,1,0,healthy,cercospora_leaf_spot,0.5835,0.06866,0.2634,0.0846
/home/eecommu06/Documents/BT/Chili_CrossDataset/data/raw/dataset_C_cold_india/chilli dataset/resized_raw images/resized_raw images/healthy/IMG_3903.JPG,C,1,1,healthy,healthy,0.0247,0.8613,0.06027,0.05368
/home/eecommu06/Documents/BT/Chili_CrossDataset/data/raw/dataset_C_cold_india/chilli dataset/resized_raw images/resized_raw images/healthy/IMG_3906.JPG,C,1,1,healthy,healthy,0.01701,0.915,0.02986,0.03806
/home/eecommu06/Documents/BT/Chili_CrossDataset/data/raw/dataset_C_cold_india/chilli dataset/resized_raw images/resized_raw images/healthy/IMG_3912.JPG,C,1,1,healthy,healthy,0.01952,0.7334,0.1904,0.0565
/home/eecommu06/Documents/BT/Chili_CrossDataset/data/raw/dataset_C_cold_india/chilli dataset/resized_raw images/resized_raw images/healthy/IMG_3914.JPG,C,1,1,healthy,healthy,0.01102,0.7295,0.1956,0.0638
/home/eecommu06/Documents/BT/Chili_CrossDataset/data/raw/dataset_C_cold_india/chilli dataset/resized_raw images/resized_raw images/healthy/IMG_3952.JPG,C,1,1,healthy,healthy,0.00662,0.9336,0.01732,0.0427
/home/eecommu06/Documents/BT/Chili_CrossDataset/data/raw/dataset_C_cold_india/chilli dataset/resized_raw images/resized_raw images/healthy/IMG_3961.JPG,C,1,1,healthy,healthy,0.00452,0.9424,0.01119,0.04178
/home/eecommu06/Documents/BT/Chili_CrossDataset/data/raw/dataset_C_cold_india/chilli dataset/resized_raw images/resized_raw images/healthy/IMG_3967.JPG,C,1,1,healthy,healthy,0.004295,0.935,0.02034,0.04037
/home/eecommu06/Documents/BT/Chili_CrossDataset/data/raw/dataset_C_cold_india/chilli dataset/resized_raw images/resized_raw images/healthy/IMG_4176.JPG,C,1,1,healthy,healthy,0.01481,0.9253,0.01278,0.04727
/home/eecommu06/Documents/BT/Chili_CrossDataset/data/raw/dataset_C_cold_india/chilli dataset/resized_raw images/resized_raw images/healthy/IMG_4181.JPG,C,1,1,healthy,healthy,0.05835,0.8506,0.02446,0.0668
/home/eecommu06/Documents/BT/Chili_CrossDataset/data/raw/dataset_C_cold_india/chilli dataset/resized_raw images/resized_raw images/healthy/IMG_4187.JPG,C,1,1,healthy,healthy,0.02959,0.905,0.01706,0.0486
/home/eecommu06/Documents/BT/Chili_CrossDataset/data/raw/dataset_C_cold_india/chilli dataset/resized_raw images/resized_raw images/healthy/IMG_4191.JPG,C,1,1,healthy,healthy,0.1779,0.6313,0.1209,0.07007
/home/eecommu06/Documents/BT/Chili_CrossDataset/data/raw/dataset_C_cold_india/chilli dataset/resized_raw images/resized_raw images/healthy/IMG_4194.JPG,C,1,1,healthy,healthy,0.01805,0.9014,0.02994,0.05054
/home/eecommu06/Documents/BT/Chili_CrossDataset/data/raw/dataset_C_cold_india/chilli dataset/resized_raw images/resized_raw images/healthy/IMG_4395.JPG,C,1,0,healthy,cercospora_leaf_spot,0.6914,0.2128,0.02785,0.0681
/home/eecommu06/Documents/BT/Chili_CrossDataset/data/raw/dataset_C_cold_india/chilli dataset/resized_raw images/resized_raw images/healthy/IMG_4408.JPG,C,1,1,healthy,healthy,0.01217,0.907,0.02266,0.05798
/home/eecommu06/Documents/BT/Chili_CrossDataset/data/raw/dataset_C_cold_india/chilli dataset/resized_raw images/resized_raw images/healthy/IMG_4409.JPG,C,1,0,healthy,cercospora_leaf_spot,0.4255,0.4175,0.05765,0.09955
/home/eecommu06/Documents/BT/Chili_CrossDataset/data/raw/dataset_C_cold_india/chilli dataset/resized_raw images/resized_raw images/healthy/IMG_4413.JPG,C,1,1,healthy,healthy,0.0301,0.895,0.021,0.0537
/home/eecommu06/Documents/BT/Chili_CrossDataset/data/raw/dataset_C_cold_india/chilli dataset/resized_raw images/resized_raw images/healthy/IMG_4416.JPG,C,1,1,healthy,healthy,0.2345,0.6265,0.0885,0.05066
/home/eecommu06/Documents/BT/Chili_CrossDataset/data/raw/dataset_C_cold_india/chilli dataset/resized_raw images/resized_raw images/healthy/IMG_4419.JPG,C,1,1,healthy,healthy,0.04764,0.876,0.02042,0.05588
/home/eecommu06/Documents/BT/Chili_CrossDataset/data/raw/dataset_C_cold_india/chilli dataset/resized_raw images/resized_raw images/healthy/IMG_4428.JPG,C,1,0,healthy,cercospora_leaf_spot,0.7544,0.125,0.03168,0.08887
/home/eecommu06/Documents/BT/Chili_CrossDataset/data/raw/dataset_C_cold_india/chilli dataset/resized_raw images/resized_raw images/healthy/IMG_4429.JPG,C,1,0,healthy,cercospora_leaf_spot,0.3972,0.3967,0.1134,0.0926
/home/eecommu06/Documents/BT/Chili_CrossDataset/data/raw/dataset_C_cold_india/chilli dataset/resized_raw images/resized_raw images/healthy/IMG_4432.JPG,C,1,1,healthy,healthy,0.1124,0.806,0.0218,0.0595
/home/eecommu06/Documents/BT/Chili_CrossDataset/data/raw/dataset_C_cold_india/chilli dataset/resized_raw images/resized_raw images/healthy/IMG_4434.JPG,C,1,0,healthy,cercospora_leaf_spot,0.544,0.315,0.04153,0.0993
/home/eecommu06/Documents/BT/Chili_CrossDataset/data/raw/dataset_C_cold_india/chilli dataset/resized_raw images/resized_raw images/healthy/IMG_4435.JPG,C,1,0,healthy,cercospora_leaf_spot,0.7886,0.05252,0.0574,0.1017
/home/eecommu06/Documents/BT/Chili_CrossDataset/data/raw/dataset_C_cold_india/chilli dataset/resized_raw images/resized_raw images/healthy/IMG_4436.JPG,C,1,1,healthy,healthy,0.1954,0.698,0.03278,0.0736
/home/eecommu06/Documents/BT/Chili_CrossDataset/data/raw/dataset_C_cold_india/chilli dataset/resized_raw images/resized_raw images/healthy/IMG_4440.JPG,C,1,1,healthy,healthy,0.0343,0.8984,0.01744,0.04984
/home/eecommu06/Documents/BT/Chili_CrossDataset/data/raw/dataset_C_cold_india/chilli dataset/resized_raw images/resized_raw images/healthy/IMG_4803.JPG,C,1,0,healthy,cercospora_leaf_spot,0.772,0.0565,0.06915,0.1021
/home/eecommu06/Documents/BT/Chili_CrossDataset/data/raw/dataset_C_cold_india/chilli dataset/resized_raw images/resized_raw images/healthy/IMG_4814.JPG,C,1,0,healthy,cercospora_leaf_spot,0.609,0.2527,0.05078,0.0874
/home/eecommu06/Documents/BT/Chili_CrossDataset/data/raw/dataset_C_cold_india/chilli dataset/resized_raw images/resized_raw images/healthy/IMG_4815.JPG,C,1,1,healthy,healthy,0.12463,0.7607,0.04395,0.07056
/home/eecommu06/Documents/BT/Chili_CrossDataset/data/raw/dataset_C_cold_india/chilli dataset/resized_raw images/resized_raw images/healthy/IMG_4818.JPG,C,1,1,healthy,healthy,0.08936,0.8223,0.02843,0.0597
/home/eecommu06/Documents/BT/Chili_CrossDataset/data/raw/dataset_C_cold_india/chilli dataset/resized_raw images/resized_raw images/healthy/IMG_4829.JPG,C,1,1,healthy,healthy,0.02524,0.8804,0.04385,0.05072
/home/eecommu06/Documents/BT/Chili_CrossDataset/data/raw/dataset_C_cold_india/chilli dataset/resized_raw images/resized_raw images/healthy/IMG_4830.JPG,C,1,1,healthy,healthy,0.01298,0.91,0.03903,0.03793
/home/eecommu06/Documents/BT/Chili_CrossDataset/data/raw/dataset_C_cold_india/chilli dataset/resized_raw images/resized_raw images/healthy/IMG_4838.JPG,C,1,1,healthy,healthy,0.191,0.697,0.03302,0.0793
/home/eecommu06/Documents/BT/Chili_CrossDataset/data/raw/dataset_C_cold_india/chilli dataset/resized_raw images/resized_raw images/healthy/IMG_4841.JPG,C,1,0,healthy,cercospora_leaf_spot,0.7417,0.07983,0.09515,0.0835
/home/eecommu06/Documents/BT/Chili_CrossDataset/data/raw/dataset_C_cold_india/chilli dataset/resized_raw images/resized_raw images/healthy/IMG_5064.JPG,C,1,1,healthy,healthy,0.0469,0.871,0.02414,0.05777
/home/eecommu06/Documents/BT/Chili_CrossDataset/data/raw/dataset_C_cold_india/chilli dataset/resized_raw images/resized_raw images/healthy/IMG_5203.JPG,C,1,2,healthy,nutrient_deficiency,0.0049,0.0304,0.918,0.0465
/home/eecommu06/Documents/BT/Chili_CrossDataset/data/raw/dataset_C_cold_india/chilli dataset/resized_raw images/resized_raw images/healthy/IMG_5207.JPG,C,1,1,healthy,healthy,0.02327,0.9043,0.02608,0.04645
/home/eecommu06/Documents/BT/Chili_CrossDataset/data/raw/dataset_C_cold_india/chilli dataset/resized_raw images/resized_raw images/healthy/IMG_5210.JPG,C,1,1,healthy,healthy,0.08,0.819,0.041,0.0601
/home/eecommu06/Documents/BT/Chili_CrossDataset/data/raw/dataset_C_cold_india/chilli dataset/resized_raw images/resized_raw images/healthy/IMG_5212.JPG,C,1,1,healthy,healthy,0.2101,0.66,0.03812,0.0916
/home/eecommu06/Documents/BT/Chili_CrossDataset/data/raw/dataset_C_cold_india/chilli dataset/resized_raw images/resized_raw images/healthy/IMG_5626.JPG,C,1,0,healthy,cercospora_leaf_spot,0.4397,0.4153,0.0681,0.07715
/home/eecommu06/Documents/BT/Chili_CrossDataset/data/raw/dataset_C_cold_india/chilli dataset/resized_raw images/resized_raw images/healthy/IMG_5628.JPG,C,1,1,healthy,healthy,0.3135,0.5283,0.04437,0.114
/home/eecommu06/Documents/BT/Chili_CrossDataset/data/raw/dataset_C_cold_india/chilli dataset/resized_raw images/resized_raw images/nutritional deficiency/IMG_3281.JPG,C,2,2,nutrient_deficiency,nutrient_deficiency,0.00673,0.02225,0.9375,0.03354
/home/eecommu06/Documents/BT/Chili_CrossDataset/data/raw/dataset_C_cold_india/chilli dataset/resized_raw images/resized_raw images/nutritional deficiency/IMG_3303.JPG,C,2,2,nutrient_deficiency,nutrient_deficiency,0.00998,0.07947,0.852,0.05832
/home/eecommu06/Documents/BT/Chili_CrossDataset/data/raw/dataset_C_cold_india/chilli dataset/resized_raw images/resized_raw images/nutritional deficiency/IMG_3309.JPG,C,2,2,nutrient_deficiency,nutrient_deficiency,0.00954,0.02043,0.9336,0.03647
/home/eecommu06/Documents/BT/Chili_CrossDataset/data/raw/dataset_C_cold_india/chilli dataset/resized_raw images/resized_raw images/nutritional deficiency/IMG_3341.JPG,C,2,2,nutrient_deficiency,nutrient_deficiency,0.003685,0.02495,0.9287,0.0429
/home/eecommu06/Documents/BT/Chili_CrossDataset/data/raw/dataset_C_cold_india/chilli dataset/resized_raw images/resized_raw images/nutritional deficiency/IMG_3345.JPG,C,2,2,nutrient_deficiency,nutrient_deficiency,0.002964,0.02638,0.9224,0.04825
/home/eecommu06/Documents/BT/Chili_CrossDataset/data/raw/dataset_C_cold_india/chilli dataset/resized_raw images/resized_raw images/nutritional deficiency/IMG_3346.JPG,C,2,1,nutrient_deficiency,healthy,0.09924,0.801,0.05548,0.0444
/home/eecommu06/Documents/BT/Chili_CrossDataset/data/raw/dataset_C_cold_india/chilli dataset/resized_raw images/resized_raw images/nutritional deficiency/IMG_3423.JPG,C,2,2,nutrient_deficiency,nutrient_deficiency,0.003191,0.01535,0.9473,0.03406
/home/eecommu06/Documents/BT/Chili_CrossDataset/data/raw/dataset_C_cold_india/chilli dataset/resized_raw images/resized_raw images/nutritional deficiency/IMG_3437.JPG,C,2,2,nutrient_deficiency,nutrient_deficiency,0.003202,0.0108,0.953,0.0331
/home/eecommu06/Documents/BT/Chili_CrossDataset/data/raw/dataset_C_cold_india/chilli dataset/resized_raw images/resized_raw images/nutritional deficiency/IMG_3492.JPG,C,2,2,nutrient_deficiency,nutrient_deficiency,0.02612,0.02296,0.9126,0.03833
/home/eecommu06/Documents/BT/Chili_CrossDataset/data/raw/dataset_C_cold_india/chilli dataset/resized_raw images/resized_raw images/nutritional deficiency/IMG_3521.JPG,C,2,2,nutrient_deficiency,nutrient_deficiency,0.0676,0.03,0.847,0.05533
/home/eecommu06/Documents/BT/Chili_CrossDataset/data/raw/dataset_C_cold_india/chilli dataset/resized_raw images/resized_raw images/nutritional deficiency/IMG_3525.JPG,C,2,1,nutrient_deficiency,healthy,0.02005,0.871,0.0477,0.06116
/home/eecommu06/Documents/BT/Chili_CrossDataset/data/raw/dataset_C_cold_india/chilli dataset/resized_raw images/resized_raw images/nutritional deficiency/IMG_3532.JPG,C,2,2,nutrient_deficiency,nutrient_deficiency,0.007473,0.0261,0.9243,0.04233
/home/eecommu06/Documents/BT/Chili_CrossDataset/data/raw/dataset_C_cold_india/chilli dataset/resized_raw images/resized_raw images/nutritional deficiency/IMG_3539.JPG,C,2,1,nutrient_deficiency,healthy,0.01418,0.834,0.09375,0.05817
/home/eecommu06/Documents/BT/Chili_CrossDataset/data/raw/dataset_C_cold_india/chilli dataset/resized_raw images/resized_raw images/nutritional deficiency/IMG_3543.JPG,C,2,2,nutrient_deficiency,nutrient_deficiency,0.013596,0.0183,0.927,0.04156
/home/eecommu06/Documents/BT/Chili_CrossDataset/data/raw/dataset_C_cold_india/chilli dataset/resized_raw images/resized_raw images/nutritional deficiency/IMG_3545.JPG,C,2,0,nutrient_deficiency,cercospora_leaf_spot,0.668,0.1039,0.12164,0.1065
/home/eecommu06/Documents/BT/Chili_CrossDataset/data/raw/dataset_C_cold_india/chilli dataset/resized_raw images/resized_raw images/nutritional deficiency/IMG_3547.JPG,C,2,0,nutrient_deficiency,cercospora_leaf_spot,0.4773,0.04895,0.3853,0.08844
/home/eecommu06/Documents/BT/Chili_CrossDataset/data/raw/dataset_C_cold_india/chilli dataset/resized_raw images/resized_raw images/nutritional deficiency/IMG_3548.JPG,C,2,1,nutrient_deficiency,healthy,0.06116,0.849,0.03668,0.05313
/home/eecommu06/Documents/BT/Chili_CrossDataset/data/raw/dataset_C_cold_india/chilli dataset/resized_raw images/resized_raw images/nutritional deficiency/IMG_3549.JPG,C,2,0,nutrient_deficiency,cercospora_leaf_spot,0.7397,0.1071,0.06366,0.0895
/home/eecommu06/Documents/BT/Chili_CrossDataset/data/raw/dataset_C_cold_india/chilli dataset/resized_raw images/resized_raw images/nutritional deficiency/IMG_3550.JPG,C,2,0,nutrient_deficiency,cercospora_leaf_spot,0.5195,0.3445,0.05377,0.08203
/home/eecommu06/Documents/BT/Chili_CrossDataset/data/raw/dataset_C_cold_india/chilli dataset/resized_raw images/resized_raw images/nutritional deficiency/IMG_3600.JPG,C,2,2,nutrient_deficiency,nutrient_deficiency,0.01158,0.03546,0.8994,0.05356
/home/eecommu06/Documents/BT/Chili_CrossDataset/data/raw/dataset_C_cold_india/chilli dataset/resized_raw images/resized_raw images/nutritional deficiency/IMG_3602.JPG,C,2,2,nutrient_deficiency,nutrient_deficiency,0.04666,0.03088,0.879,0.0435
/home/eecommu06/Documents/BT/Chili_CrossDataset/data/raw/dataset_C_cold_india/chilli dataset/resized_raw images/resized_raw images/nutritional deficiency/IMG_3942.JPG,C,2,2,nutrient_deficiency,nutrient_deficiency,0.02156,0.01526,0.925,0.03848
/home/eecommu06/Documents/BT/Chili_CrossDataset/data/raw/dataset_C_cold_india/chilli dataset/resized_raw images/resized_raw images/nutritional deficiency/IMG_4445.JPG,C,2,1,nutrient_deficiency,healthy,0.0692,0.8286,0.04462,0.05768
/home/eecommu06/Documents/BT/Chili_CrossDataset/data/raw/dataset_C_cold_india/chilli dataset/resized_raw images/resized_raw images/nutritional deficiency/IMG_4449.JPG,C,2,0,nutrient_deficiency,cercospora_leaf_spot,0.681,0.0406,0.1868,0.0916
/home/eecommu06/Documents/BT/Chili_CrossDataset/data/raw/dataset_C_cold_india/chilli dataset/resized_raw images/resized_raw images/nutritional deficiency/IMG_4456.JPG,C,2,2,nutrient_deficiency,nutrient_deficiency,0.0723,0.03485,0.8306,0.06223
/home/eecommu06/Documents/BT/Chili_CrossDataset/data/raw/dataset_C_cold_india/chilli dataset/resized_raw images/resized_raw images/nutritional deficiency/IMG_4458.JPG,C,2,0,nutrient_deficiency,cercospora_leaf_spot,0.5293,0.1112,0.2637,0.09576
/home/eecommu06/Documents/BT/Chili_CrossDataset/data/raw/dataset_C_cold_india/chilli dataset/resized_raw images/resized_raw images/nutritional deficiency/IMG_4463.JPG,C,2,2,nutrient_deficiency,nutrient_deficiency,0.01535,0.01118,0.9414,0.0322
/home/eecommu06/Documents/BT/Chili_CrossDataset/data/raw/dataset_C_cold_india/chilli dataset/resized_raw images/resized_raw images/nutritional deficiency/IMG_4467.JPG,C,2,0,nutrient_deficiency,cercospora_leaf_spot,0.4395,0.423,0.03558,0.102
/home/eecommu06/Documents/BT/Chili_CrossDataset/data/raw/dataset_C_cold_india/chilli dataset/resized_raw images/resized_raw images/nutritional deficiency/IMG_4472.JPG,C,2,0,nutrient_deficiency,cercospora_leaf_spot,0.765,0.04858,0.0831,0.1029
/home/eecommu06/Documents/BT/Chili_CrossDataset/data/raw/dataset_C_cold_india/chilli dataset/resized_raw images/resized_raw images/nutritional deficiency/IMG_4689.JPG,C,2,0,nutrient_deficiency,cercospora_leaf_spot,0.7837,0.04248,0.0746,0.09906
/home/eecommu06/Documents/BT/Chili_CrossDataset/data/raw/dataset_C_cold_india/chilli dataset/resized_raw images/resized_raw images/nutritional deficiency/IMG_4698.JPG,C,2,2,nutrient_deficiency,nutrient_deficiency,0.00574,0.01261,0.95,0.03123
/home/eecommu06/Documents/BT/Chili_CrossDataset/data/raw/dataset_C_cold_india/chilli dataset/resized_raw images/resized_raw images/nutritional deficiency/IMG_4703.JPG,C,2,2,nutrient_deficiency,nutrient_deficiency,0.006413,0.01256,0.949,0.0319
/home/eecommu06/Documents/BT/Chili_CrossDataset/data/raw/dataset_C_cold_india/chilli dataset/resized_raw images/resized_raw images/nutritional deficiency/IMG_4725.JPG,C,2,0,nutrient_deficiency,cercospora_leaf_spot,0.6396,0.0279,0.2318,0.1005
/home/eecommu06/Documents/BT/Chili_CrossDataset/data/raw/dataset_C_cold_india/chilli dataset/resized_raw images/resized_raw images/nutritional deficiency/IMG_4732.JPG,C,2,0,nutrient_deficiency,cercospora_leaf_spot,0.622,0.0623,0.2301,0.08575
/home/eecommu06/Documents/BT/Chili_CrossDataset/data/raw/dataset_C_cold_india/chilli dataset/resized_raw images/resized_raw images/nutritional deficiency/IMG_4866.JPG,C,2,2,nutrient_deficiency,nutrient_deficiency,0.258,0.02505,0.659,0.05786
/home/eecommu06/Documents/BT/Chili_CrossDataset/data/raw/dataset_C_cold_india/chilli dataset/resized_raw images/resized_raw images/nutritional deficiency/IMG_4868.JPG,C,2,0,nutrient_deficiency,cercospora_leaf_spot,0.777,0.05133,0.0757,0.0961
/home/eecommu06/Documents/BT/Chili_CrossDataset/data/raw/dataset_C_cold_india/chilli dataset/resized_raw images/resized_raw images/nutritional deficiency/IMG_4873.JPG,C,2,0,nutrient_deficiency,cercospora_leaf_spot,0.6753,0.136,0.10175,0.08716
/home/eecommu06/Documents/BT/Chili_CrossDataset/data/raw/dataset_C_cold_india/chilli dataset/resized_raw images/resized_raw images/nutritional deficiency/IMG_4876.JPG,C,2,0,nutrient_deficiency,cercospora_leaf_spot,0.7773,0.03943,0.10333,0.0798
/home/eecommu06/Documents/BT/Chili_CrossDataset/data/raw/dataset_C_cold_india/chilli dataset/resized_raw images/resized_raw images/nutritional deficiency/IMG_4929.JPG,C,2,2,nutrient_deficiency,nutrient_deficiency,0.4172,0.0295,0.4783,0.0751
/home/eecommu06/Documents/BT/Chili_CrossDataset/data/raw/dataset_C_cold_india/chilli dataset/resized_raw images/resized_raw images/nutritional deficiency/IMG_4932.JPG,C,2,2,nutrient_deficiency,nutrient_deficiency,0.1935,0.07935,0.66,0.0671
/home/eecommu06/Documents/BT/Chili_CrossDataset/data/raw/dataset_C_cold_india/chilli dataset/resized_raw images/resized_raw images/nutritional deficiency/IMG_4935.JPG,C,2,2,nutrient_deficiency,nutrient_deficiency,0.1475,0.02711,0.7695,0.056
/home/eecommu06/Documents/BT/Chili_CrossDataset/data/raw/dataset_C_cold_india/chilli dataset/resized_raw images/resized_raw images/nutritional deficiency/IMG_4937.JPG,C,2,0,nutrient_deficiency,cercospora_leaf_spot,0.781,0.0563,0.06573,0.09705
/home/eecommu06/Documents/BT/Chili_CrossDataset/data/raw/dataset_C_cold_india/chilli dataset/resized_raw images/resized_raw images/powdery mildew/IMG_5495.JPG,C,3,3,powdery_mildew,powdery_mildew,0.00257,0.005783,0.007423,0.9844
/home/eecommu06/Documents/BT/Chili_CrossDataset/data/raw/dataset_C_cold_india/chilli dataset/resized_raw images/resized_raw images/powdery mildew/IMG_5503.JPG,C,3,3,powdery_mildew,powdery_mildew,0.00259,0.005894,0.008255,0.9834
/home/eecommu06/Documents/BT/Chili_CrossDataset/data/raw/dataset_C_cold_india/chilli dataset/resized_raw images/resized_raw images/powdery mildew/IMG_5506.JPG,C,3,3,powdery_mildew,powdery_mildew,0.003925,0.007812,0.01066,0.9775
/home/eecommu06/Documents/BT/Chili_CrossDataset/data/raw/dataset_C_cold_india/chilli dataset/resized_raw images/resized_raw images/powdery mildew/IMG_5508.JPG,C,3,3,powdery_mildew,powdery_mildew,0.004543,0.008286,0.01029,0.977
/home/eecommu06/Documents/BT/Chili_CrossDataset/data/raw/dataset_C_cold_india/chilli dataset/resized_raw images/resized_raw images/powdery mildew/IMG_5512.JPG,C,3,3,powdery_mildew,powdery_mildew,0.002932,0.00806,0.011215,0.978
/home/eecommu06/Documents/BT/Chili_CrossDataset/data/raw/dataset_C_cold_india/chilli dataset/resized_raw images/resized_raw images/powdery mildew/IMG_5515.JPG,C,3,3,powdery_mildew,powdery_mildew,0.00434,0.007687,0.008224,0.98
/home/eecommu06/Documents/BT/Chili_CrossDataset/data/raw/dataset_C_cold_india/chilli dataset/resized_raw images/resized_raw images/powdery mildew/IMG_5525.JPG,C,3,3,powdery_mildew,powdery_mildew,0.00597,0.011055,0.00875,0.974
/home/eecommu06/Documents/BT/Chili_CrossDataset/data/raw/dataset_C_cold_india/chilli dataset/resized_raw images/resized_raw images/powdery mildew/IMG_5537.JPG,C,3,3,powdery_mildew,powdery_mildew,0.00405,0.006638,0.009026,0.9805
/home/eecommu06/Documents/BT/Chili_CrossDataset/data/raw/dataset_C_cold_india/chilli dataset/resized_raw images/resized_raw images/powdery mildew/IMG_5540.JPG,C,3,3,powdery_mildew,powdery_mildew,0.002514,0.00675,0.00837,0.9824
/home/eecommu06/Documents/BT/Chili_CrossDataset/data/raw/dataset_C_cold_india/chilli dataset/resized_raw images/resized_raw images/powdery mildew/IMG_5541.JPG,C,3,3,powdery_mildew,powdery_mildew,0.002697,0.005695,0.00754,0.984
/home/eecommu06/Documents/BT/Chili_CrossDataset/data/raw/dataset_C_cold_india/chilli dataset/resized_raw images/resized_raw images/powdery mildew/IMG_5545.JPG,C,3,3,powdery_mildew,powdery_mildew,0.00283,0.007404,0.009,0.981
/home/eecommu06/Documents/BT/Chili_CrossDataset/data/raw/dataset_C_cold_india/chilli dataset/resized_raw images/resized_raw images/powdery mildew/IMG_5548.JPG,C,3,3,powdery_mildew,powdery_mildew,0.003006,0.00853,0.01222,0.976
/home/eecommu06/Documents/BT/Chili_CrossDataset/data/raw/dataset_C_cold_india/chilli dataset/resized_raw images/resized_raw images/powdery mildew/IMG_5553.JPG,C,3,3,powdery_mildew,powdery_mildew,0.002428,0.00738,0.00888,0.9814
/home/eecommu06/Documents/BT/Chili_CrossDataset/data/raw/dataset_C_cold_india/chilli dataset/resized_raw images/resized_raw images/powdery mildew/IMG_5555.JPG,C,3,3,powdery_mildew,powdery_mildew,0.00808,0.00848,0.01031,0.973
/home/eecommu06/Documents/BT/Chili_CrossDataset/data/raw/dataset_C_cold_india/chilli dataset/resized_raw images/resized_raw images/powdery mildew/IMG_5560.JPG,C,3,3,powdery_mildew,powdery_mildew,0.003876,0.0068,0.00895,0.9805
/home/eecommu06/Documents/BT/Chili_CrossDataset/data/raw/dataset_C_cold_india/chilli dataset/resized_raw images/resized_raw images/powdery mildew/IMG_5562.JPG,C,3,3,powdery_mildew,powdery_mildew,0.002707,0.00799,0.00831,0.981
/home/eecommu06/Documents/BT/Chili_CrossDataset/data/raw/dataset_C_cold_india/chilli dataset/resized_raw images/resized_raw images/powdery mildew/IMG_5563.JPG,C,3,3,powdery_mildew,powdery_mildew,0.1658,0.05603,0.0369,0.741
/home/eecommu06/Documents/BT/Chili_CrossDataset/data/raw/dataset_C_cold_india/chilli dataset/resized_raw images/resized_raw images/powdery mildew/IMG_5575.JPG,C,3,3,powdery_mildew,powdery_mildew,0.00339,0.0063,0.00665,0.984
/home/eecommu06/Documents/BT/Chili_CrossDataset/data/raw/dataset_C_cold_india/chilli dataset/resized_raw images/resized_raw images/powdery mildew/IMG_5578.JPG,C,3,3,powdery_mildew,powdery_mildew,0.002926,0.00758,0.010124,0.9795
/home/eecommu06/Documents/BT/Chili_CrossDataset/data/raw/dataset_C_cold_india/chilli dataset/resized_raw images/resized_raw images/powdery mildew/IMG_5587.JPG,C,3,3,powdery_mildew,powdery_mildew,0.007397,0.010864,0.01112,0.9707
/home/eecommu06/Documents/BT/Chili_CrossDataset/data/raw/dataset_C_cold_india/chilli dataset/resized_raw images/resized_raw images/powdery mildew/IMG_5600.JPG,C,3,3,powdery_mildew,powdery_mildew,0.00384,0.007133,0.009285,0.98
/home/eecommu06/Documents/BT/Chili_CrossDataset/data/raw/dataset_C_cold_india/chilli dataset/resized_raw images/resized_raw images/powdery mildew/IMG_5604.JPG,C,3,3,powdery_mildew,powdery_mildew,0.003681,0.00652,0.00905,0.981
/home/eecommu06/Documents/BT/Chili_CrossDataset/data/raw/dataset_C_cold_india/chilli dataset/resized_raw images/resized_raw images/powdery mildew/IMG_5605.JPG,C,3,3,powdery_mildew,powdery_mildew,0.005016,0.00733,0.00915,0.9785
/home/eecommu06/Documents/BT/Chili_CrossDataset/data/raw/dataset_C_cold_india/chilli dataset/resized_raw images/resized_raw images/powdery mildew/IMG_5606.JPG,C,3,3,powdery_mildew,powdery_mildew,0.01229,0.010475,0.01167,0.9653
/home/eecommu06/Documents/BT/Chili_CrossDataset/data/raw/dataset_C_cold_india/chilli dataset/resized_raw images/resized_raw images/powdery mildew/IMG_5608.JPG,C,3,3,powdery_mildew,powdery_mildew,0.003016,0.006935,0.00983,0.98
/home/eecommu06/Documents/BT/Chili_CrossDataset/data/raw/dataset_C_cold_india/chilli dataset/resized_raw images/resized_raw images/powdery mildew/IMG_5609.JPG,C,3,3,powdery_mildew,powdery_mildew,0.006863,0.007698,0.00989,0.9756
/home/eecommu06/Documents/BT/Chili_CrossDataset/data/raw/dataset_C_cold_india/chilli dataset/resized_raw images/resized_raw images/powdery mildew/IMG_5661.JPG,C,3,3,powdery_mildew,powdery_mildew,0.002954,0.006577,0.009964,0.9805
/home/eecommu06/Documents/BT/Chili_CrossDataset/data/raw/dataset_C_cold_india/chilli dataset/resized_raw images/resized_raw images/powdery mildew/IMG_5664.JPG,C,3,3,powdery_mildew,powdery_mildew,0.003626,0.00755,0.010765,0.978
/home/eecommu06/Documents/BT/Chili_CrossDataset/data/raw/dataset_C_cold_india/chilli dataset/resized_raw images/resized_raw images/powdery mildew/IMG_5674.JPG,C,3,3,powdery_mildew,powdery_mildew,0.003706,0.007248,0.009445,0.9795
/home/eecommu06/Documents/BT/Chili_CrossDataset/data/raw/dataset_C_cold_india/chilli dataset/resized_raw images/resized_raw images/powdery mildew/IMG_5679.JPG,C,3,3,powdery_mildew,powdery_mildew,0.002739,0.006355,0.00971,0.981
